SubId,Match,CurrentPeriod,NativeSpending,SettlerSpending,InitNativeSaving,EndNativeSaving,InitSettlerSaving,EndSettlerSaving,InitNativeLand,EndNativeLand,InitSettlerLand,EndSettlerLand,NativeIncome,SettlerIncome,TreatyType,TreatyPayment,TreatyEndingReason
101,1,1,5,39,100,165,100,124,65,63,35,37,70,63,,,
101,1,2,0,0,165,368,124,61,63,42,37,58,69,70,lumpsum,133,ContinueTreaty
101,1,3,0,0,368,420,61,185,42,42,58,58,53,125,lumpsum,133,ContinueTreaty
101,1,4,0,0,420,473,185,310,42,42,58,58,53,125,lumpsum,133,ContinueTreaty
101,1,5,0,0,473,526,310,435,42,42,58,58,53,125,lumpsum,133,ContinueTreaty
101,1,6,0,0,526,578,435,560,42,42,58,58,53,125,lumpsum,133,NativeBroken
101,1,7,0,0,578,631,560,685,42,42,58,58,53,125,,,
101,1,8,29,15,631,654,685,795,42,54,58,46,53,125,,,
101,1,9,0,0,654,821,795,788,54,35,46,65,63,96,lumpsum,103,NativeBroken
101,1,10,0,0,821,866,788,926,54,54,46,46,45,138,,,
101,1,11,7,26,866,903,926,1037,54,55,46,45,45,138,,,
101,1,12,0,0,903,1060,1037,1037,55,38,45,62,64,92,lumpsum,93,MatchEnding
101,2,1,7,36,100,163,100,127,65,63,35,37,70,63,,,
101,2,2,0,0,163,368,127,59,63,47,37,53,69,68,lumpsum,136,NativeBroken
101,2,3,0,0,368,425,59,172,63,63,37,37,57,113,,,
101,2,4,5,36,425,478,172,250,63,62,37,38,57,113,,,
101,2,5,0,0,478,672,250,197,62,43,38,57,68,73,lumpsum,126,NativeBroken
101,2,6,0,0,672,725,197,320,62,62,38,38,54,123,,,
101,2,7,6,33,725,772,320,410,62,61,38,39,54,123,,,
101,2,8,0,0,772,960,410,366,61,49,39,51,68,76,lumpsum,120,ContinueTreaty
101,2,9,0,0,960,1019,366,474,49,49,51,51,59,108,lumpsum,120,ContinueTreaty
101,2,10,0,0,1019,1078,474,583,49,49,51,51,59,108,lumpsum,120,ContinueTreaty
101,2,11,0,0,1078,1138,583,691,49,49,51,51,59,108,lumpsum,120,NativeBroken
101,2,12,0,0,1138,1197,691,800,49,49,51,51,59,108,,,
101,3,1,6,38,100,165,100,125,65,63,35,37,70,63,,,
101,3,2,0,0,165,367,125,61,63,30,37,70,69,69,lumpsum,133,ContinueTreaty
101,3,3,0,0,367,406,61,206,30,30,70,70,39,145,lumpsum,133,NativeBroken
101,3,4,0,0,406,445,206,352,30,30,70,70,39,145,,,
101,3,5,39,12,445,445,352,484,30,53,70,47,39,145,,,
101,3,6,0,0,445,621,484,468,53,41,47,59,63,97,lumpsum,113,NativeBroken
101,3,7,0,0,621,672,468,595,53,53,47,47,52,127,,,
101,3,8,9,24,672,715,595,698,53,55,47,45,52,127,,,
101,3,9,0,0,715,871,698,698,55,48,45,52,64,92,lumpsum,92,MatchEnding
101,4,1,5,38,100,166,100,125,65,63,35,37,70,63,,,
101,4,2,0,0,166,365,125,65,63,46,37,54,69,70,lumpsum,131,ContinueTreaty
101,4,3,0,0,365,422,65,181,46,46,54,54,57,116,lumpsum,131,ContinueTreaty
101,4,4,0,0,422,478,181,297,46,46,54,54,57,116,lumpsum,131,NativeBroken
101,4,5,0,0,478,535,297,412,46,46,54,54,57,116,,,
101,4,6,23,20,535,568,412,508,46,54,54,46,57,116,,,
101,4,7,0,0,568,736,508,498,54,39,46,61,63,95,lumpsum,105,NativeBroken
101,4,8,0,0,736,785,498,629,54,54,46,46,49,131,,,
102,1,1,3,36,100,167,100,127,65,62,35,38,70,63,,,
102,1,2,6,34,167,230,127,164,62,61,38,39,69,71,,,
102,1,3,4,37,230,293,164,203,61,59,39,41,68,75,,,
102,1,4,8,33,293,352,203,250,59,59,41,41,67,80,,,
102,2,1,6,39,100,164,100,125,65,63,35,37,70,63,,,
102,2,2,6,34,164,227,125,159,63,61,37,39,69,69,,,
102,3,1,5,38,100,165,100,125,65,63,35,37,70,63,,,
102,3,2,7,36,165,227,125,159,63,61,37,39,69,70,,,
102,4,1,5,37,100,165,100,126,65,63,35,37,70,63,,,
103,1,1,6,38,100,164,100,125,65,63,35,37,70,63,,,
103,1,2,0,0,164,278,125,149,63,40,37,60,69,69,annuity,45,ContinueTreaty
103,1,3,0,0,278,374,149,233,40,40,60,60,51,129,annuity,45,ContinueTreaty
103,1,4,0,0,374,469,233,317,40,40,60,60,51,129,annuity,45,ContinueTreaty
103,1,5,0,0,469,565,317,401,40,40,60,60,51,129,annuity,45,ContinueTreaty
103,1,6,0,0,565,660,401,485,40,40,60,60,51,129,annuity,45,ContinueTreaty
103,1,7,0,0,660,756,485,569,40,40,60,60,51,129,annuity,45,ContinueTreaty
103,1,8,0,0,756,851,569,653,40,40,60,60,51,129,annuity,45,ContinueTreaty
103,1,9,0,0,851,947,653,737,40,40,60,60,51,129,annuity,45,ContinueTreaty
103,1,10,0,0,947,1042,737,821,40,40,60,60,51,129,annuity,45,ContinueTreaty
103,1,11,0,0,1042,1138,821,905,40,40,60,60,51,129,annuity,45,ContinueTreaty
103,1,12,0,0,1138,1234,905,989,40,40,60,60,51,129,annuity,45,ContinueTreaty
103,1,13,0,0,1234,1329,989,1073,40,40,60,60,51,129,annuity,45,NativeBroken
103,1,14,0,0,1329,1380,1073,1202,40,40,60,60,51,129,,,
103,1,15,28,16,1380,1402,1202,1316,40,52,60,48,51,129,,,
103,1,16,0,0,1402,1497,1316,1382,52,36,48,64,62,99,annuity,33,ContinueTreaty
103,1,17,0,0,1497,1576,1382,1485,36,36,64,64,46,136,annuity,33,MatchEnding
103,2,1,8,37,100,162,100,126,65,64,35,36,70,63,,,
103,2,2,0,0,162,278,126,148,64,46,36,54,69,67,annuity,46,ContinueTreaty
103,2,3,0,0,278,380,148,217,46,46,54,54,57,116,annuity,46,ContinueTreaty
103,2,4,0,0,380,483,217,287,46,46,54,54,57,116,annuity,46,NativeBroken
103,2,5,0,0,483,539,287,403,46,46,54,54,57,116,,,
103,2,6,18,20,539,578,403,499,46,53,54,47,57,116,,,
103,3,1,7,39,100,164,100,124,65,63,35,37,70,63,,,
103,3,2,0,0,164,278,124,147,63,48,37,52,69,69,annuity,46,ContinueTreaty
103,3,3,0,0,278,383,147,212,48,48,52,52,58,111,annuity,46,ContinueTreaty
103,3,4,0,0,383,487,212,277,48,48,52,52,58,111,annuity,46,ContinueTreaty
103,3,5,0,0,487,591,277,342,48,48,52,52,58,111,annuity,46,MatchEnding
103,4,1,4,36,100,167,100,127,65,62,35,38,70,63,,,
103,4,2,0,0,167,278,127,155,62,31,38,69,69,71,annuity,42,NativeBroken
103,4,3,0,0,278,318,155,299,62,62,38,38,40,144,,,
103,4,4,5,35,318,353,299,408,62,61,38,39,40,144,,,
103,4,5,0,0,353,461,408,444,61,32,39,68,68,76,annuity,40,ContinueTreaty
103,4,6,0,0,461,542,444,546,32,32,68,68,41,142,annuity,40,ContinueTreaty
103,4,7,0,0,542,624,546,648,32,32,68,68,41,142,annuity,40,ContinueTreaty
103,4,8,0,0,624,705,648,751,32,32,68,68,41,142,annuity,40,ContinueTreaty
103,4,9,0,0,705,786,751,853,32,32,68,68,41,142,annuity,40,ContinueTreaty
103,4,10,0,0,786,868,853,956,32,32,68,68,41,142,annuity,40,MatchEnding
104,1,1,1,37,100,169,100,126,65,61,35,39,70,63,,,
104,1,2,6,35,169,231,126,166,61,60,39,40,68,74,,,
104,1,3,6,33,231,293,166,211,60,59,40,41,67,78,,,
104,1,4,5,31,293,354,211,260,59,58,41,42,67,80,,,
104,1,5,8,27,354,413,260,315,58,59,42,41,66,83,,,
104,1,6,3,33,413,476,315,363,59,57,41,43,66,81,,,
104,2,1,3,40,100,168,100,123,65,62,35,38,70,63,,,
104,2,2,3,36,168,233,123,160,62,59,38,41,68,72,,,
104,2,3,7,33,233,293,160,206,59,59,41,41,67,79,,,
104,2,4,7,32,293,352,206,255,59,59,41,41,67,81,,,
104,3,1,4,37,100,166,100,126,65,62,35,38,70,63,,,
104,3,2,7,32,166,228,126,164,62,61,38,39,69,70,,,
104,3,3,6,36,228,291,164,201,61,60,39,40,68,74,,,
104,4,1,1,36,100,169,100,127,65,61,35,39,70,63,,,
104,4,2,7,34,169,230,127,167,61,60,39,40,68,74,,,
104,4,3,4,32,230,294,167,212,60,59,40,41,68,76,,,
104,4,4,8,31,294,352,212,262,59,59,41,41,67,81,,,
104,4,5,9,32,352,410,262,310,59,59,41,41,67,80,,,
104,4,6,4,32,410,473,310,359,59,58,41,42,67,80,,,
104,4,7,10,30,473,529,359,412,58,59,42,41,66,83,,,
104,4,8,4,31,529,592,412,462,59,58,41,42,67,81,,,
104,4,9,9,32,592,648,462,515,58,58,42,42,66,84,,,
104,4,10,5,29,648,709,515,568,58,58,42,42,66,83,,,
104,4,11,9,29,709,766,568,623,58,58,42,42,66,84,,,
104,4,12,4,32,766,828,623,673,58,57,42,43,66,82,,,
104,4,13,9,29,828,884,673,730,57,58,43,42,66,86,,,
104,4,14,6,32,884,944,730,781,58,58,42,42,66,83,,,
105,1,1,3,37,100,167,100,126,65,62,35,38,70,63,,,
105,1,2,5,37,167,230,126,160,62,61,38,39,69,71,,,
105,1,3,6,32,230,291,160,204,61,60,39,40,68,76,,,
105,1,4,10,33,291,348,204,249,60,60,40,40,67,78,,,
105,1,5,3,30,348,412,249,296,60,59,40,41,67,77,,,
105,1,6,3,29,412,475,296,349,59,57,41,43,66,82,,,
105,1,7,6,30,475,534,349,405,57,57,43,43,66,85,,,
105,1,8,9,31,534,591,405,459,57,58,43,42,66,86,,,
105,2,1,5,37,100,165,100,126,65,63,35,37,70,63,,,
105,2,2,8,32,165,227,126,164,63,62,37,38,69,70,,,
105,2,3,5,41,227,290,164,195,62,60,38,40,68,72,,,
105,2,4,4,33,290,353,195,240,60,58,40,42,67,78,,,
105,2,5,8,30,353,412,240,292,58,59,42,41,66,82,,,
105,2,6,3,34,412,475,292,340,59,57,41,43,66,81,,,
105,3,1,2,40,100,168,100,123,65,62,35,38,70,63,,,
105,3,2,3,36,168,233,123,160,62,59,38,41,68,73,,,
105,3,3,7,31,233,293,160,208,59,59,41,41,67,79,,,
105,3,4,9,32,293,351,208,256,59,59,41,41,67,80,,,
105,3,5,7,32,351,411,256,304,59,59,41,41,67,80,,,
105,4,1,2,40,100,168,100,123,65,61,35,39,70,63,,,
105,4,2,6,38,168,231,123,159,61,60,39,40,68,74,,,
105,4,3,6,34,231,292,159,202,60,59,40,41,67,78,,,
105,4,4,6,29,292,352,202,254,59,59,41,41,67,80,,,
105,4,5,9,34,352,410,254,301,59,59,41,41,66,81,,,
105,4,6,8,30,410,469,301,353,59,59,41,41,67,81,,,
106,1,1,3,38,100,167,100,125,65,62,35,38,70,63,,,
106,1,2,5,34,167,230,125,162,62,61,38,39,69,71,,,
106,1,3,5,32,230,293,162,206,61,59,39,41,68,76,,,
106,1,4,7,33,293,354,206,252,59,59,41,41,67,80,,,
106,1,5,6,33,354,414,252,301,59,58,41,42,66,81,,,
106,1,6,4,35,414,476,301,349,58,57,42,43,66,83,,,
106,1,7,5,33,476,536,349,402,57,56,43,44,65,87,,,
106,1,8,9,31,536,592,402,460,56,57,44,43,65,89,,,
106,1,9,9,29,592,649,460,517,57,58,43,42,65,86,,,
106,2,1,2,37,100,168,100,126,65,62,35,38,70,63,,,
106,2,2,5,33,168,232,126,166,62,60,38,40,68,73,,,
106,3,1,4,38,100,167,100,125,65,62,35,38,70,63,,,
106,3,2,1,40,167,234,125,156,62,58,38,42,69,71,,,
106,3,3,9,31,234,292,156,208,58,59,42,41,66,82,,,
106,3,4,9,30,292,349,208,260,59,59,41,41,67,81,,,
106,3,5,7,29,349,409,260,310,59,59,41,41,67,80,,,
106,3,6,6,33,409,471,310,357,59,58,41,42,67,80,,,
106,3,7,6,33,471,531,357,407,58,58,42,42,66,83,,,
106,3,8,10,31,531,587,407,460,58,59,42,41,66,84,,,
106,3,9,9,32,587,644,460,510,59,59,41,41,66,82,,,
106,3,10,6,32,644,704,510,559,59,58,41,42,67,81,,,
106,3,11,4,29,704,767,559,612,58,57,42,43,66,82,,,
106,3,12,8,30,767,824,612,667,57,58,43,42,66,85,,,
106,3,13,8,29,824,882,667,723,58,58,42,42,66,84,,,
106,3,14,5,34,882,943,723,771,58,58,42,42,66,82,,,
106,3,15,8,31,943,1001,771,825,58,58,42,42,66,84,,,
106,4,1,4,39,100,166,100,124,65,62,35,38,70,63,,,
106,4,2,5,36,166,230,124,158,62,61,38,39,69,71,,,
107,1,1,1,37,100,169,100,126,65,61,35,39,70,63,,,
107,1,2,6,37,169,231,126,163,61,60,39,40,68,74,,,
107,1,3,0,0,231,422,163,117,60,31,40,69,67,78,lumpsum,123,ContinueTreaty
107,1,4,0,0,422,462,117,261,31,31,69,69,40,144,lumpsum,123,SettlerBroken
107,1,5,0,0,462,502,261,405,31,31,69,69,40,144,,,
107,2,1,2,39,100,168,100,125,65,62,35,38,70,63,,,
107,3,1,5,38,100,165,100,125,65,63,35,37,70,63,,,
107,4,1,2,38,100,168,100,125,65,62,35,38,70,63,,,
107,4,2,3,30,168,233,125,167,62,60,38,40,68,73,,,
107,4,3,4,36,233,296,167,209,60,58,40,42,67,78,,,
107,4,4,8,30,296,354,209,262,58,58,42,42,66,83,,,
107,4,5,7,30,354,414,262,314,58,58,42,42,66,82,,,
108,1,1,4,38,100,166,100,125,65,62,35,38,70,63,,,
108,1,2,4,38,166,230,125,158,62,60,38,40,69,70,,,
108,1,3,0,0,230,339,158,194,60,40,40,60,68,77,annuity,41,NativeBroken
108,1,4,0,0,339,389,194,323,60,60,40,40,51,129,,,
108,1,5,4,31,389,436,323,420,60,59,40,41,51,129,,,
108,1,6,8,34,436,494,420,467,59,59,41,41,67,81,,,
108,1,7,8,32,494,553,467,516,59,59,41,41,67,81,,,
108,1,8,10,31,553,610,516,565,59,59,41,41,67,81,,,
108,1,9,0,0,610,716,565,605,59,50,41,50,67,79,annuity,39,ContinueTreaty
108,1,10,0,0,716,815,605,672,50,50,50,50,60,106,annuity,39,MatchEnding
108,2,1,1,39,100,169,100,124,65,61,35,39,70,63,,,
108,2,2,2,35,169,235,124,163,61,59,39,41,68,74,,,
108,2,3,7,35,235,294,163,210,59,58,41,42,66,82,,,
108,2,4,5,29,294,355,210,264,58,58,42,42,66,83,,,
108,2,5,6,29,355,415,264,320,58,58,42,42,66,84,,,
108,2,6,6,27,415,474,320,377,58,58,42,42,66,84,,,
108,3,1,1,37,100,169,100,126,65,61,35,39,70,63,,,
108,3,2,4,37,169,233,126,163,61,59,39,41,68,74,,,
108,3,3,0,0,233,339,163,205,59,35,41,65,67,80,annuity,39,ContinueTreaty
108,3,4,0,0,339,423,205,304,35,35,65,65,45,138,annuity,39,ContinueTreaty
108,3,5,0,0,423,506,304,403,35,35,65,65,45,138,annuity,39,ContinueTreaty
108,3,6,0,0,506,590,403,502,35,35,65,65,45,138,annuity,39,ContinueTreaty
108,3,7,0,0,590,674,502,601,35,35,65,65,45,138,annuity,39,MatchEnding
108,4,1,3,38,100,167,100,125,65,62,35,38,70,63,,,
108,4,2,1,35,167,235,125,162,62,59,38,41,68,72,,,
108,4,3,8,33,235,293,162,210,59,59,41,41,66,82,,,
108,4,4,8,32,293,351,210,259,59,59,41,41,66,81,,,
108,4,5,8,32,351,410,259,309,59,59,41,41,67,81,,,
109,1,1,2,40,100,168,100,123,65,61,35,39,70,63,,,
109,2,1,1,37,100,169,100,126,65,61,35,39,70,63,,,
109,2,2,0,0,169,357,126,81,61,50,39,50,68,74,lumpsum,120,ContinueTreaty
109,2,3,0,0,357,417,81,187,50,50,50,50,60,106,lumpsum,120,ContinueTreaty
109,2,4,0,0,417,477,187,293,50,50,50,50,60,106,lumpsum,120,NativeBroken
109,2,5,0,0,477,537,293,398,50,50,50,50,60,106,,,
109,2,6,10,22,537,587,398,482,50,53,50,47,60,106,,,
109,2,7,0,0,587,734,482,494,53,36,47,64,63,97,lumpsum,85,ContinueTreaty
109,2,8,0,0,734,780,494,631,36,36,64,64,46,136,lumpsum,85,NativeBroken
109,2,9,0,0,780,826,631,767,36,36,64,64,46,136,,,
109,2,10,38,10,826,834,767,894,36,54,64,46,46,136,,,
109,2,11,0,0,834,1008,894,879,54,47,46,53,63,95,lumpsum,110,ContinueTreaty
109,2,12,0,0,1008,1065,879,992,47,47,53,53,57,113,lumpsum,110,ContinueTreaty
109,2,13,0,0,1065,1123,992,1106,47,47,53,53,57,113,lumpsum,110,ContinueTreaty
109,2,14,0,0,1123,1180,1106,1219,47,47,53,53,57,113,lumpsum,110,ContinueTreaty
109,2,15,0,0,1180,1237,1219,1333,47,47,53,53,57,113,lumpsum,110,NativeBroken
109,2,16,0,0,1237,1295,1333,1446,47,47,53,53,57,113,,,
109,2,17,13,21,1295,1339,1446,1538,47,52,53,48,57,113,,,
109,2,18,0,0,1339,1485,1538,1554,52,47,48,53,62,100,lumpsum,84,NativeBroken
109,2,19,0,0,1485,1543,1554,1668,52,52,48,48,57,113,,,
109,2,20,11,21,1543,1589,1668,1760,52,55,48,45,57,113,,,
109,3,1,6,40,100,164,100,123,65,63,35,37,70,63,,,
109,3,2,0,0,164,370,123,56,63,31,37,69,69,70,lumpsum,137,ContinueTreaty
109,3,3,0,0,370,410,56,200,31,31,69,69,40,144,lumpsum,137,ContinueTreaty
109,3,4,0,0,410,450,200,344,31,31,69,69,40,144,lumpsum,137,ContinueTreaty
109,3,5,0,0,450,490,344,487,31,31,69,69,40,144,lumpsum,137,NativeBroken
109,3,6,0,0,490,531,487,631,31,31,69,69,40,144,,,
109,3,7,39,9,531,531,631,766,31,54,69,46,40,144,,,
109,3,8,0,0,531,704,766,752,54,48,46,52,63,96,lumpsum,110,ContinueTreaty
109,3,9,0,0,704,763,752,863,48,48,52,52,58,111,lumpsum,110,ContinueTreaty
109,3,10,0,0,763,821,863,974,48,48,52,52,58,111,lumpsum,110,NativeBroken
109,3,11,0,0,821,879,974,1085,48,48,52,52,58,111,,,
109,3,12,17,22,879,920,1085,1174,48,54,52,46,58,111,,,
109,3,13,0,0,920,1081,1174,1173,54,30,46,70,63,96,lumpsum,97,ContinueTreaty
109,3,14,0,0,1081,1119,1173,1318,30,30,70,70,39,145,lumpsum,97,NativeBroken
109,3,15,0,0,1119,1158,1318,1463,30,30,70,70,39,145,,,
109,3,16,35,13,1158,1162,1463,1595,30,52,70,48,39,145,,,
109,3,17,0,0,1162,1328,1595,1591,52,42,48,58,62,101,lumpsum,105,ContinueTreaty
109,3,18,0,0,1328,1381,1591,1716,42,42,58,58,53,125,lumpsum,105,NativeBroken
109,3,19,0,0,1381,1434,1716,1841,42,42,58,58,53,125,,,
109,4,1,4,37,100,166,100,126,65,62,35,38,70,63,,,
109,4,2,0,0,166,364,126,68,62,45,38,55,69,71,lumpsum,128,MatchEnding
110,1,1,4,33,100,166,100,130,65,63,35,37,70,63,,,
110,1,2,0,0,166,276,130,157,63,36,37,64,69,69,annuity,42,ContinueTreaty
110,1,3,0,0,276,364,157,252,36,36,64,64,46,136,annuity,42,MatchEnding
110,2,1,4,38,100,166,100,125,65,62,35,38,70,63,,,
110,2,2,0,0,166,278,125,152,62,39,38,61,69,70,annuity,43,ContinueTreaty
110,2,3,0,0,278,371,152,240,39,39,61,61,49,131,annuity,43,ContinueTreaty
110,2,4,0,0,371,464,240,327,39,39,61,61,49,131,annuity,43,NativeBroken
110,2,5,0,0,464,514,327,458,39,39,61,61,49,131,,,
110,2,6,28,14,514,535,458,574,39,52,61,48,49,131,,,
110,2,7,11,25,535,586,574,651,52,55,48,45,62,101,,,
110,2,8,0,0,586,681,651,712,55,47,45,53,64,93,annuity,31,ContinueTreaty
110,2,9,0,0,681,770,712,794,47,47,53,53,57,113,annuity,31,MatchEnding
110,3,1,8,35,100,163,100,128,65,64,35,36,70,63,,,
110,3,2,0,0,163,277,128,150,64,30,36,70,69,67,annuity,45,ContinueTreaty
110,3,3,0,0,277,361,150,250,30,30,70,70,39,145,annuity,45,ContinueTreaty
110,3,4,0,0,361,445,250,350,30,30,70,70,39,145,annuity,45,MatchEnding
110,4,1,1,36,100,169,100,127,65,61,35,39,70,63,,,
110,4,2,0,0,169,277,127,161,61,31,39,69,68,74,annuity,40,ContinueTreaty
110,4,3,0,0,277,357,161,265,31,31,69,69,40,144,annuity,40,ContinueTreaty
110,4,4,0,0,357,436,265,369,31,31,69,69,40,144,annuity,40,ContinueTreaty
110,4,5,0,0,436,516,369,474,31,31,69,69,40,144,annuity,40,ContinueTreaty
110,4,6,0,0,516,596,474,578,31,31,69,69,40,144,annuity,40,MatchEnding
111,1,1,3,42,100,167,100,121,65,62,35,38,70,63,,,
111,1,2,2,38,167,233,121,156,62,59,38,41,68,72,,,
111,1,3,0,0,233,415,156,120,59,36,41,64,67,80,lumpsum,116,ContinueTreaty
111,1,4,0,0,415,461,120,257,36,36,64,64,46,136,lumpsum,116,ContinueTreaty
111,1,5,0,0,461,508,257,393,36,36,64,64,46,136,lumpsum,116,ContinueTreaty
111,1,6,0,0,508,554,393,529,36,36,64,64,46,136,lumpsum,116,ContinueTreaty
111,1,7,0,0,554,600,529,666,36,36,64,64,46,136,lumpsum,116,MatchEnding
111,2,1,4,41,100,167,100,122,65,62,35,38,70,63,,,
111,2,2,2,34,167,233,122,160,62,59,38,41,68,72,,,
111,2,3,8,31,233,292,160,208,59,59,41,41,67,79,,,
111,2,4,9,31,292,350,208,256,59,60,41,40,67,79,,,
111,3,1,1,38,100,169,100,125,65,61,35,39,70,63,,,
111,4,1,4,38,100,166,100,125,65,62,35,38,70,63,,,
111,4,2,3,35,166,231,125,161,62,60,38,40,69,70,,,
111,4,3,7,35,231,292,161,203,60,59,40,41,67,77,,,
111,4,4,4,31,292,354,203,251,59,58,41,42,67,79,,,
112,1,1,5,37,100,165,100,126,65,63,35,37,70,63,,,
112,1,2,3,35,165,232,126,161,63,60,37,40,69,70,,,
112,1,3,6,33,232,293,161,205,60,59,40,41,67,77,,,
112,1,4,6,30,293,354,205,255,59,59,41,41,67,80,,,
112,1,5,7,31,354,414,255,305,59,58,41,42,66,82,,,
112,2,1,4,40,100,166,100,123,65,62,35,38,70,63,,,
112,2,2,6,39,166,229,123,155,62,61,38,39,69,71,,,
112,2,3,6,32,229,290,155,199,61,60,39,40,68,76,,,
112,2,4,8,31,290,350,199,246,60,60,40,40,67,78,,,
112,3,1,2,40,100,168,100,123,65,61,35,39,70,63,,,
112,3,2,6,39,168,230,123,158,61,60,39,40,68,74,,,
112,3,3,3,30,230,295,158,206,60,58,40,42,67,78,,,
112,3,4,9,35,295,352,206,254,58,58,42,42,66,83,,,
112,3,5,12,29,352,407,254,307,58,60,42,40,66,82,,,
112,3,6,8,35,407,466,307,351,60,59,40,41,67,79,,,
112,3,7,11,32,466,522,351,398,59,60,41,40,67,80,,,
112,3,8,5,34,522,584,398,442,60,59,40,41,67,78,,,
112,3,9,6,34,584,644,442,490,59,58,41,42,67,81,,,
112,3,10,5,28,644,706,490,545,58,58,42,42,66,83,,,
112,3,11,6,32,706,765,545,598,58,57,42,43,66,84,,,
112,3,12,7,30,765,824,598,653,57,57,43,43,66,85,,,
112,3,13,9,30,824,881,653,708,57,58,43,42,66,85,,,
112,3,14,8,32,881,939,708,759,58,58,42,42,66,83,,,
112,3,15,7,30,939,999,759,812,58,58,42,42,66,83,,,
112,3,16,6,32,999,1059,812,864,58,58,42,42,66,83,,,
112,3,17,9,32,1059,1116,864,917,58,58,42,42,66,85,,,
112,3,18,8,33,1116,1174,917,966,58,58,42,42,66,83,,,
112,4,1,1,38,100,170,100,126,65,61,35,39,70,63,,,
113,1,1,5,35,100,165,100,128,65,63,35,37,70,63,,,
113,1,2,3,37,165,231,128,160,63,60,37,40,69,69,,,
113,1,3,0,0,231,419,160,117,60,50,40,50,67,77,lumpsum,120,MatchEnding
113,2,1,6,43,100,165,100,121,65,63,35,37,70,63,,,
113,2,2,5,36,165,228,121,155,63,61,37,39,69,70,,,
113,2,3,0,0,228,419,155,108,61,38,39,62,68,75,lumpsum,123,MatchEnding
113,3,1,0,38,100,170,100,125,65,60,35,40,70,63,,,
113,3,2,0,0,170,354,125,86,60,49,40,51,67,77,lumpsum,116,NativeBroken
113,3,3,0,0,354,413,86,194,60,60,40,40,59,108,,,
113,4,1,1,37,100,169,100,126,65,61,35,39,70,63,,,
113,4,2,0,0,169,359,126,78,61,46,39,54,68,74,lumpsum,122,ContinueTreaty
113,4,3,0,0,359,415,78,193,46,46,54,54,57,116,lumpsum,122,ContinueTreaty
113,4,4,0,0,415,472,193,309,46,46,54,54,57,116,lumpsum,122,ContinueTreaty
113,4,5,0,0,472,528,309,425,46,46,54,54,57,116,lumpsum,122,ContinueTreaty
113,4,6,0,0,528,585,425,541,46,46,54,54,57,116,lumpsum,122,ContinueTreaty
113,4,7,0,0,585,641,541,657,46,46,54,54,57,116,lumpsum,122,ContinueTreaty
113,4,8,0,0,641,698,657,773,46,46,54,54,57,116,lumpsum,122,MatchEnding
114,1,1,5,37,100,165,100,126,65,63,35,37,70,63,,,
114,1,2,7,36,165,227,126,160,63,61,37,39,69,70,,,
114,1,3,5,31,227,290,160,202,61,60,39,40,68,74,,,
114,2,1,3,38,100,167,100,125,65,62,35,38,70,63,,,
114,3,1,5,39,100,165,100,124,65,63,35,37,70,63,,,
114,3,2,4,36,165,230,124,158,63,60,37,40,69,70,,,
114,3,3,8,35,230,290,158,199,60,60,40,40,68,76,,,
114,3,4,3,35,290,354,199,242,60,58,40,42,67,78,,,
114,3,5,6,30,354,414,242,296,58,58,42,42,66,84,,,
114,3,6,11,27,414,469,296,353,58,59,42,41,66,84,,,
114,4,1,9,35,100,161,100,128,65,64,35,36,70,63,,,
114,4,2,4,40,161,227,128,154,64,61,36,39,70,66,,,
114,4,3,6,37,227,289,154,191,61,60,39,40,68,74,,,
114,4,4,7,31,289,350,191,239,60,59,40,41,67,78,,,
114,4,5,4,36,350,412,239,282,59,58,41,42,67,79,,,
114,4,6,9,29,412,470,282,338,58,59,42,41,66,84,,,
114,4,7,10,33,470,526,338,387,59,59,41,41,66,82,,,
114,4,8,4,33,526,589,387,434,59,58,41,42,67,80,,,
114,4,9,4,29,589,651,434,489,58,57,42,43,66,84,,,
114,4,10,7,30,651,709,489,546,57,57,43,43,65,87,,,
115,1,1,1,41,100,169,100,122,65,61,35,39,70,63,,,
115,1,2,6,33,169,231,122,165,61,60,39,40,68,76,,,
115,2,1,3,38,100,167,100,125,65,62,35,38,70,63,,,
115,2,2,5,35,167,231,125,162,62,60,38,40,68,72,,,
115,3,1,2,38,100,168,100,125,65,62,35,38,70,63,,,
115,4,1,4,38,100,166,100,125,65,62,35,38,70,63,,,
115,4,2,6,38,166,229,125,157,62,61,38,39,69,71,,,
115,4,3,6,36,229,290,157,196,61,60,39,40,68,75,,,
115,4,4,6,33,290,351,196,241,60,59,40,41,67,78,,,
115,4,5,5,33,351,412,241,289,59,58,41,42,67,81,,,
115,4,6,9,32,412,470,289,340,58,59,42,41,66,83,,,
115,4,7,5,30,470,531,340,392,59,58,41,42,66,82,,,
115,4,8,8,30,531,590,392,446,58,58,42,42,66,84,,,
115,4,9,6,33,590,649,446,497,58,58,42,42,66,83,,,
115,4,10,6,33,649,709,497,548,58,57,42,43,66,85,,,
115,4,11,6,27,709,768,548,607,57,57,43,43,65,86,,,
116,1,1,6,39,100,164,100,124,65,63,35,37,70,63,,,
116,1,2,0,0,164,278,124,148,63,43,37,57,69,69,annuity,45,ContinueTreaty
116,1,3,0,0,278,377,148,225,43,43,57,57,54,123,annuity,45,MatchEnding
116,2,1,0,39,100,170,100,124,65,60,35,40,70,63,,,
116,2,2,0,0,170,277,124,162,60,34,40,66,67,77,annuity,39,NativeBroken
116,2,3,0,0,277,321,162,301,60,60,40,40,44,140,,,
116,2,4,6,36,321,358,301,405,60,59,40,41,44,140,,,
116,2,5,0,0,358,465,405,445,59,49,41,51,67,80,annuity,40,ContinueTreaty
116,2,6,0,0,465,564,445,513,49,49,51,51,59,108,annuity,40,ContinueTreaty
116,2,7,0,0,564,663,513,582,49,49,51,51,59,108,annuity,40,MatchEnding
116,3,1,4,35,100,166,100,128,65,63,35,37,70,63,,,
116,3,2,0,0,166,277,128,156,63,37,37,63,69,70,annuity,42,SettlerBroken
116,3,3,0,0,277,324,156,290,63,63,37,37,47,135,,,
116,3,4,3,36,324,368,290,389,63,60,37,40,47,135,,,
116,3,5,0,0,368,475,389,426,60,33,40,67,67,77,annuity,40,SettlerBroken
116,3,6,0,0,475,518,426,567,60,60,40,40,43,141,,,
116,3,7,4,35,518,556,567,674,60,59,40,41,43,141,,,
116,3,8,0,0,556,660,674,718,59,34,41,66,66,82,annuity,38,SettlerBroken
116,3,9,0,0,660,704,718,857,59,59,41,41,44,140,,,
116,3,10,4,34,704,744,857,962,59,57,41,43,44,140,,,
116,3,11,0,0,744,845,962,1013,57,40,43,60,65,86,annuity,35,ContinueTreaty
116,3,12,0,0,845,930,1013,1107,40,40,60,60,51,129,annuity,35,SettlerBroken
116,3,13,0,0,930,981,1107,1236,40,40,60,60,51,129,,,
116,3,14,26,12,981,1006,1236,1354,40,52,60,48,51,129,,,
116,3,15,0,0,1006,1097,1354,1424,52,36,48,64,62,100,annuity,30,NativeBroken
116,3,16,0,0,1097,1143,1424,1561,52,52,48,48,46,136,,,
116,3,17,14,25,1143,1175,1561,1672,52,56,48,44,46,136,,,
116,3,18,0,0,1175,1274,1672,1728,56,45,44,55,64,90,annuity,34,ContinueTreaty
116,3,19,0,0,1274,1364,1728,1812,45,45,55,55,56,118,annuity,34,ContinueTreaty
116,3,20,0,0,1364,1453,1812,1896,45,45,55,55,56,118,annuity,34,MatchEnding
116,4,1,3,41,100,167,100,122,65,62,35,38,70,63,,,
116,4,2,0,0,167,279,122,150,62,34,38,66,68,72,annuity,44,ContinueTreaty
116,4,3,0,0,279,367,150,245,34,34,66,66,44,140,annuity,44,MatchEnding
117,1,1,4,38,100,166,100,125,65,62,35,38,70,63,,,
117,1,2,0,0,166,365,125,66,62,45,38,55,69,71,lumpsum,130,ContinueTreaty
117,1,3,0,0,365,420,66,185,45,45,55,55,56,118,lumpsum,130,ContinueTreaty
117,1,4,0,0,420,476,185,303,45,45,55,55,56,118,lumpsum,130,ContinueTreaty
117,1,5,0,0,476,531,303,421,45,45,55,55,56,118,lumpsum,130,MatchEnding
117,2,1,4,37,100,166,100,126,65,62,35,38,70,63,,,
117,2,2,0,0,166,364,126,67,62,45,38,55,69,70,lumpsum,130,ContinueTreaty
117,2,3,0,0,364,420,67,185,45,45,55,55,56,118,lumpsum,130,NativeBroken
117,2,4,0,0,420,475,185,303,45,45,55,55,56,118,,,
117,2,5,21,16,475,510,303,406,45,53,55,47,56,118,,,
117,3,1,4,39,100,167,100,124,65,62,35,38,70,63,,,
117,3,2,0,0,167,365,124,65,62,47,38,53,69,71,lumpsum,130,ContinueTreaty
117,3,3,0,0,365,423,65,178,47,47,53,53,57,113,lumpsum,130,ContinueTreaty
117,3,4,0,0,423,480,178,292,47,47,53,53,57,113,lumpsum,130,ContinueTreaty
117,3,5,0,0,480,538,292,405,47,47,53,53,57,113,lumpsum,130,ContinueTreaty
117,3,6,0,0,538,595,405,519,47,47,53,53,57,113,lumpsum,130,MatchEnding
117,4,1,1,37,100,169,100,126,65,61,35,39,70,63,,,
117,4,2,0,0,169,356,126,82,61,39,39,61,68,74,lumpsum,119,ContinueTreaty
117,4,3,0,0,356,405,82,213,39,39,61,61,49,131,lumpsum,119,ContinueTreaty
117,4,4,0,0,405,455,213,344,39,39,61,61,49,131,lumpsum,119,ContinueTreaty
117,4,5,0,0,455,504,344,475,39,39,61,61,49,131,lumpsum,119,ContinueTreaty
117,4,6,0,0,504,554,475,606,39,39,61,61,49,131,lumpsum,119,ContinueTreaty
117,4,7,0,0,554,603,606,737,39,39,61,61,49,131,lumpsum,119,ContinueTreaty
117,4,8,0,0,603,653,737,868,39,39,61,61,49,131,lumpsum,119,ContinueTreaty
117,4,9,0,0,653,702,868,999,39,39,61,61,49,131,lumpsum,119,ContinueTreaty
117,4,10,0,0,702,752,999,1130,39,39,61,61,49,131,lumpsum,119,ContinueTreaty
117,4,11,0,0,752,801,1130,1261,39,39,61,61,49,131,lumpsum,119,NativeBroken
117,4,12,0,0,801,851,1261,1392,39,39,61,61,49,131,,,
117,4,13,31,16,851,869,1392,1506,39,53,61,47,49,131,,,
118,1,1,5,35,100,165,100,128,65,63,35,37,70,63,,,
118,1,2,0,0,165,363,128,69,63,34,37,66,69,69,lumpsum,129,ContinueTreaty
118,1,3,0,0,363,406,69,208,34,34,66,66,44,140,lumpsum,129,ContinueTreaty
118,1,4,0,0,406,450,208,348,34,34,66,66,44,140,lumpsum,129,ContinueTreaty
118,1,5,0,0,450,494,348,487,34,34,66,66,44,140,lumpsum,129,ContinueTreaty
118,1,6,0,0,494,538,487,627,34,34,66,66,44,140,lumpsum,129,ContinueTreaty
118,1,7,0,0,538,581,627,766,34,34,66,66,44,140,lumpsum,129,MatchEnding
118,2,1,0,40,100,170,100,123,65,60,35,40,70,63,,,
118,2,2,0,0,170,359,123,77,60,49,40,51,68,76,lumpsum,121,ContinueTreaty
118,2,3,0,0,359,418,77,186,49,49,51,51,59,108,lumpsum,121,MatchEnding
118,3,1,0,39,100,170,100,124,65,60,35,40,70,63,,,
118,3,2,0,0,170,356,124,83,60,39,40,61,67,77,lumpsum,118,ContinueTreaty
118,3,3,0,0,356,405,83,214,39,39,61,61,49,131,lumpsum,118,ContinueTreaty
118,3,4,0,0,405,455,214,345,39,39,61,61,49,131,lumpsum,118,ContinueTreaty
118,3,5,0,0,455,504,345,476,39,39,61,61,49,131,lumpsum,118,ContinueTreaty
118,3,6,0,0,504,554,476,606,39,39,61,61,49,131,lumpsum,118,NativeBroken
118,3,7,0,0,554,603,606,737,39,39,61,61,49,131,,,
118,3,8,32,14,603,621,737,854,39,53,61,47,49,131,,,
118,3,9,0,0,621,788,854,848,53,32,47,68,62,98,lumpsum,104,NativeBroken
118,3,10,0,0,788,829,848,990,53,53,47,47,41,142,,,
118,3,11,11,22,829,860,990,1110,53,56,47,44,41,142,,,
118,3,12,0,0,860,1017,1110,1107,56,31,44,69,64,90,lumpsum,93,ContinueTreaty
118,3,13,0,0,1017,1057,1107,1251,31,31,69,69,40,144,lumpsum,93,ContinueTreaty
118,3,14,0,0,1057,1098,1251,1395,31,31,69,69,40,144,lumpsum,93,NativeBroken
118,3,15,0,0,1098,1138,1395,1539,31,31,69,69,40,144,,,
118,3,16,40,14,1138,1138,1539,1668,31,53,69,47,40,144,,,
118,3,17,0,0,1138,1320,1668,1646,53,43,47,57,63,96,lumpsum,119,ContinueTreaty
118,3,18,0,0,1320,1373,1646,1768,43,43,57,57,54,123,lumpsum,119,MatchEnding
118,4,1,3,38,100,167,100,125,65,62,35,38,70,63,,,
118,4,2,0,0,167,363,125,70,62,42,38,58,68,72,lumpsum,127,ContinueTreaty
118,4,3,0,0,363,415,70,195,42,42,58,58,53,125,lumpsum,127,MatchEnding
119,1,1,3,39,100,167,100,124,65,62,35,38,70,63,,,
119,1,2,0,0,167,278,124,153,62,35,38,65,68,72,annuity,43,SettlerBroken
119,1,3,0,0,278,323,153,291,62,62,38,38,45,138,,,
119,1,4,4,35,323,364,291,394,62,60,38,40,45,138,,,
119,1,5,0,0,364,471,394,432,60,48,40,52,67,77,annuity,39,SettlerBroken
119,1,6,0,0,471,529,432,543,60,60,40,40,58,111,,,
119,1,7,6,31,529,582,543,623,60,59,40,41,58,111,,,
119,1,8,0,0,582,686,623,665,59,49,41,51,67,80,annuity,37,SettlerBroken
119,1,9,0,0,686,745,665,774,59,59,41,41,59,108,,,
119,1,10,5,30,745,799,774,852,59,59,41,41,59,108,,,
119,2,1,0,41,100,170,100,122,65,60,35,40,70,63,,,
119,2,2,0,0,170,277,122,159,60,31,40,69,67,77,annuity,40,SettlerBroken
119,2,3,0,0,277,318,159,303,60,60,40,40,40,144,,,
119,2,4,5,33,318,353,303,414,60,59,40,41,40,144,,,
119,2,5,0,0,353,457,414,457,59,48,41,52,67,81,annuity,37,SettlerBroken
119,2,6,0,0,457,515,457,568,59,59,41,41,58,111,,,
119,2,7,6,33,515,567,568,646,59,58,41,42,58,111,,,
119,2,8,0,0,567,671,646,691,58,36,42,64,66,82,annuity,37,SettlerBroken
119,2,9,0,0,671,717,691,827,58,58,42,42,46,136,,,
119,2,10,7,32,717,756,827,932,58,58,42,42,46,136,,,
119,2,11,0,0,756,859,932,978,58,38,42,62,66,83,annuity,37,SettlerBroken
119,2,12,0,0,859,907,978,1111,58,58,42,42,48,133,,,
119,2,13,1,31,907,954,1111,1213,58,56,42,44,48,133,,,
119,2,14,0,0,954,1050,1213,1273,56,47,44,53,64,90,annuity,31,SettlerBroken
119,2,15,0,0,1050,1107,1273,1386,56,56,44,44,57,113,,,
119,2,16,6,28,1107,1158,1386,1472,56,56,44,44,57,113,,,
119,2,17,0,0,1158,1255,1472,1530,56,50,44,50,65,89,annuity,32,SettlerBroken
119,2,18,0,0,1255,1315,1530,1635,56,56,44,44,60,106,,,
119,2,19,10,29,1315,1365,1635,1712,56,57,44,43,60,106,,,
119,2,20,0,0,1365,1466,1712,1762,57,42,43,58,66,85,annuity,36,MatchEnding
119,3,1,5,39,100,165,100,124,65,63,35,37,70,63,,,
119,3,2,0,0,165,278,124,150,63,40,37,60,69,70,annuity,44,SettlerBroken
119,3,3,0,0,278,329,150,279,63,63,37,37,51,129,,,
119,3,4,7,36,329,373,279,372,63,61,37,39,51,129,,,
119,3,5,0,0,373,483,372,403,61,30,39,70,68,74,annuity,43,BothBroken
119,3,6,0,0,483,522,403,548,61,61,39,39,39,145,,,
119,3,7,7,36,522,554,548,657,61,60,39,40,39,145,,,
119,3,8,0,0,554,663,657,693,60,33,40,67,67,77,annuity,41,SettlerBroken
119,3,9,0,0,663,706,693,834,60,60,40,40,43,141,,,
119,3,10,10,33,706,738,834,942,60,60,40,40,43,141,,,
119,3,11,8,32,738,797,942,986,60,60,40,40,68,76,,,
119,3,12,0,0,797,905,986,1022,60,48,40,52,67,77,annuity,40,SettlerBroken
119,3,13,0,0,905,963,1022,1133,60,60,40,40,58,111,,,
119,4,1,6,39,100,165,100,124,65,63,35,37,70,63,,,
119,4,2,0,0,165,279,124,148,63,44,37,56,69,69,annuity,45,BothBroken
119,4,3,0,0,279,333,148,269,63,63,37,37,55,121,,,
120,1,1,3,40,100,167,100,123,65,62,35,38,70,63,,,
120,1,2,0,0,167,366,123,64,62,46,38,54,69,72,lumpsum,131,SettlerBroken
120,1,3,0,0,366,422,64,180,62,62,38,38,57,116,,,
120,1,4,4,35,422,474,180,261,62,60,38,40,57,116,,,
120,1,5,0,0,474,660,261,220,60,32,40,68,67,77,lumpsum,118,ContinueTreaty
120,1,6,0,0,660,702,220,362,32,32,68,68,41,142,lumpsum,118,MatchEnding
120,2,1,4,42,100,167,100,121,65,62,35,38,70,63,,,
120,2,2,0,0,167,369,121,59,62,31,38,69,68,72,lumpsum,134,MatchEnding
120,3,1,2,35,100,168,100,128,65,62,35,38,70,63,,,
120,3,2,0,0,168,357,128,79,62,30,38,70,68,72,lumpsum,121,BothBroken
120,3,3,0,0,357,396,79,224,62,62,38,38,39,145,,,
120,4,1,7,38,100,163,100,125,65,63,35,37,70,63,,,
120,4,2,0,0,163,370,125,55,63,41,37,59,69,68,lumpsum,138,SettlerBroken
120,4,3,0,0,370,422,55,182,63,63,37,37,52,127,,,
120,4,4,5,36,422,468,182,273,63,61,37,39,52,127,,,
121,1,1,1,38,100,169,100,125,65,61,35,39,70,63,,,
121,1,2,0,0,169,359,125,77,61,45,39,55,68,74,lumpsum,122,MatchEnding
121,2,1,5,40,100,165,100,123,65,63,35,37,70,63,,,
121,2,2,0,0,165,370,123,57,63,47,37,53,69,70,lumpsum,136,SettlerBroken
121,2,3,0,0,370,427,57,170,63,63,37,37,57,113,,,
121,2,4,4,37,427,481,170,247,63,60,37,40,57,113,,,
121,2,5,0,0,481,669,247,203,60,46,40,54,67,77,lumpsum,120,SettlerBroken
121,2,6,0,0,669,725,203,319,60,60,40,40,57,116,,,
121,3,1,3,39,100,167,100,125,65,62,35,38,70,63,,,
121,3,2,0,0,167,364,125,67,62,48,38,52,69,71,lumpsum,129,MatchEnding
121,4,1,5,39,100,165,100,124,65,63,35,37,70,63,,,
121,4,2,0,0,165,368,124,61,63,45,37,55,69,70,lumpsum,133,ContinueTreaty
121,4,3,0,0,368,423,61,179,45,45,55,55,56,118,lumpsum,133,ContinueTreaty
121,4,4,0,0,423,479,179,297,45,45,55,55,56,118,lumpsum,133,NativeBroken
121,4,5,0,0,479,534,297,415,45,45,55,55,56,118,,,
121,4,6,20,19,534,570,415,514,45,53,55,47,56,118,,,
121,4,7,0,0,570,726,514,518,53,34,47,66,62,98,lumpsum,94,BothBroken
121,4,8,0,0,726,770,518,658,53,53,47,47,44,140,,,
122,1,1,6,34,100,164,100,129,65,63,35,37,70,63,,,
122,1,2,0,0,164,364,129,67,63,40,37,60,69,68,lumpsum,130,SettlerBroken
122,1,3,0,0,364,414,67,196,63,63,37,37,51,129,,,
122,1,4,2,37,414,462,196,288,63,60,37,40,51,129,,,
122,2,1,1,40,100,169,100,123,65,61,35,39,70,63,,,
122,2,2,0,0,169,361,123,73,61,36,39,64,68,74,lumpsum,125,ContinueTreaty
122,2,3,0,0,361,407,73,209,36,36,64,64,46,136,lumpsum,125,MatchEnding
122,3,1,2,36,100,169,100,127,65,62,35,38,70,63,,,
122,3,2,0,0,169,357,127,80,62,43,38,57,68,73,lumpsum,120,SettlerBroken
122,3,3,0,0,357,411,80,202,62,62,38,38,54,123,,,
122,3,4,5,33,411,459,202,292,62,60,38,40,54,123,,,
122,3,5,0,0,459,643,292,253,60,44,40,56,67,77,lumpsum,116,MatchEnding
122,4,1,7,41,100,164,100,122,65,63,35,37,70,63,,,
122,4,2,0,0,164,372,122,52,63,30,37,70,69,69,lumpsum,140,SettlerBroken
122,4,3,0,0,372,411,52,197,63,63,37,37,39,145,,,
122,4,4,5,34,411,445,197,308,63,61,37,39,39,145,,,
122,4,5,0,0,445,635,308,261,61,33,39,67,68,74,lumpsum,121,SettlerBroken
122,4,6,0,0,635,677,261,402,61,61,39,39,43,141,,,
123,1,1,3,38,100,167,100,125,65,62,35,38,70,63,,,
123,1,2,0,0,167,278,125,154,62,45,38,55,68,72,annuity,42,SettlerBroken
123,1,3,0,0,278,334,154,272,62,62,38,38,56,118,,,
123,1,4,8,33,334,381,272,357,62,61,38,39,56,118,,,
123,2,1,3,35,100,167,100,128,65,62,35,38,70,63,,,
123,2,2,0,0,167,277,128,158,62,46,38,54,69,71,annuity,41,SettlerBroken
123,2,3,0,0,277,333,158,274,62,62,38,38,57,116,,,
123,2,4,8,33,333,382,274,357,62,62,38,38,57,116,,,
123,2,5,0,0,382,492,357,388,62,40,38,60,68,73,annuity,42,MatchEnding
123,3,1,4,38,100,167,100,125,65,62,35,38,70,63,,,
123,3,2,0,0,167,278,125,154,62,37,38,63,69,71,annuity,43,SettlerBroken
123,3,3,0,0,278,325,154,288,62,62,38,38,47,135,,,
123,4,1,3,40,100,167,100,123,65,62,35,38,70,63,,,
123,4,2,0,0,167,279,123,152,62,36,38,64,68,72,annuity,43,MatchEnding
124,1,1,2,38,100,168,100,125,65,62,35,38,70,63,,,
124,2,1,2,41,100,168,100,123,65,61,35,39,70,63,,,
124,2,2,0,0,168,279,123,153,61,48,39,52,68,73,annuity,43,ContinueTreaty
124,2,3,0,0,279,380,153,221,48,48,52,52,58,111,annuity,43,ContinueTreaty
124,2,4,0,0,380,481,221,290,48,48,52,52,58,111,annuity,43,ContinueTreaty
124,2,5,0,0,481,582,290,358,48,48,52,52,58,111,annuity,43,ContinueTreaty
124,2,6,0,0,582,683,358,427,48,48,52,52,58,111,annuity,43,NativeBroken
124,2,7,0,0,683,741,427,538,48,48,52,52,58,111,,,
124,3,1,5,38,100,166,100,125,65,63,35,37,70,63,,,
124,3,2,0,0,166,278,125,151,63,47,37,53,69,70,annuity,44,NativeBroken
124,3,3,0,0,278,336,151,265,63,63,37,37,57,113,,,
124,3,4,4,35,336,389,265,344,63,61,37,39,57,113,,,
124,3,5,0,0,389,496,344,379,61,43,39,57,68,76,annuity,40,ContinueTreaty
124,3,6,0,0,496,590,379,462,43,43,57,57,54,123,annuity,40,MatchEnding
124,4,1,4,40,100,166,100,123,65,62,35,38,70,63,,,
124,4,2,0,0,166,279,123,149,62,39,38,61,69,71,annuity,45,ContinueTreaty
124,4,3,0,0,279,373,149,236,39,39,61,61,49,131,annuity,45,ContinueTreaty
124,4,4,0,0,373,467,236,322,39,39,61,61,49,131,annuity,45,ContinueTreaty
124,4,5,0,0,467,561,322,408,39,39,61,61,49,131,annuity,45,ContinueTreaty
124,4,6,0,0,561,655,408,495,39,39,61,61,49,131,annuity,45,ContinueTreaty
124,4,7,0,0,655,749,495,581,39,39,61,61,49,131,annuity,45,ContinueTreaty
124,4,8,0,0,749,843,581,668,39,39,61,61,49,131,annuity,45,NativeBroken
124,4,9,0,0,843,892,668,798,39,39,61,61,49,131,,,
125,1,1,5,41,100,165,100,122,65,62,35,38,70,63,,,
125,1,2,2,37,165,232,122,155,62,60,38,40,69,70,,,
125,1,3,6,38,232,292,155,196,60,59,40,41,67,79,,,
125,1,4,4,32,292,354,196,246,59,58,41,42,66,81,,,
125,1,5,7,29,354,413,246,302,58,58,42,42,66,85,,,
125,1,6,6,34,413,472,302,351,58,57,42,43,66,84,,,
125,2,1,8,39,100,163,100,124,65,63,35,37,70,63,,,
125,2,2,2,36,163,229,124,156,63,60,37,40,69,68,,,
125,2,3,7,32,229,290,156,200,60,60,40,40,68,76,,,
125,2,4,8,32,290,349,200,246,60,60,40,40,67,78,,,
125,2,5,4,32,349,411,246,292,60,59,40,41,67,78,,,
125,2,6,6,29,411,472,292,345,59,58,41,42,66,82,,,
125,2,7,9,30,472,529,345,397,58,59,42,41,66,83,,,
125,2,8,6,33,529,590,397,445,59,58,41,42,67,81,,,
125,2,9,6,29,590,650,445,499,58,58,42,42,66,83,,,
125,2,10,9,34,650,707,499,549,58,58,42,42,66,84,,,
125,2,11,5,30,707,768,549,601,58,57,42,43,66,83,,,
125,3,1,4,37,100,167,100,126,65,62,35,38,70,63,,,
125,3,2,3,37,167,233,126,160,62,60,38,40,69,71,,,
125,3,3,0,0,233,339,160,200,60,38,40,62,67,79,annuity,39,MatchEnding
125,4,1,2,40,100,168,100,123,65,62,35,38,70,63,,,
125,4,2,8,30,168,228,123,167,62,61,38,39,68,73,,,
125,4,3,6,38,228,290,167,203,61,60,39,40,68,74,,,
125,4,4,4,30,290,354,203,251,60,59,40,41,67,78,,,
125,4,5,6,33,354,414,251,299,59,58,41,42,66,82,,,
125,4,6,9,30,414,471,299,353,58,59,42,41,66,83,,,
125,4,7,6,32,471,531,353,403,59,58,41,42,66,82,,,
125,4,8,6,33,531,592,403,453,58,57,42,43,66,83,,,
125,4,9,6,31,592,652,453,507,57,57,43,43,66,85,,,
125,4,10,6,31,652,711,507,563,57,57,43,43,65,86,,,
125,4,11,7,30,711,769,563,619,57,57,43,43,65,86,,,
125,4,12,6,29,769,828,619,676,57,57,43,43,65,86,,,
125,4,13,13,28,828,881,676,733,57,59,43,41,66,85,,,
125,4,14,5,32,881,943,733,781,59,58,41,42,67,80,,,
125,4,15,8,28,943,1001,781,836,58,59,42,41,66,83,,,
126,1,1,8,38,100,162,100,125,65,63,35,37,70,63,,,
126,2,1,4,39,100,166,100,124,65,62,35,38,70,63,,,
126,2,2,0,0,166,279,124,150,62,46,38,54,69,71,annuity,44,ContinueTreaty
126,2,3,0,0,279,379,150,222,46,46,54,54,57,116,annuity,44,NativeBroken
126,2,4,0,0,379,436,222,338,46,46,54,54,57,116,,,
126,2,5,20,20,436,473,338,434,46,53,54,47,57,116,,,
126,2,6,0,0,473,567,434,498,53,33,47,67,63,97,annuity,32,ContinueTreaty
126,2,7,0,0,567,642,498,607,33,33,67,67,43,141,annuity,32,ContinueTreaty
126,2,8,0,0,642,717,607,716,33,33,67,67,43,141,annuity,32,ContinueTreaty
126,2,9,0,0,717,792,716,825,33,33,67,67,43,141,annuity,32,ContinueTreaty
126,2,10,0,0,792,867,825,934,33,33,67,67,43,141,annuity,32,MatchEnding
126,3,1,9,38,100,161,100,125,65,64,35,36,70,63,,,
126,3,2,0,0,161,278,125,145,64,45,36,55,69,67,annuity,47,ContinueTreaty
126,3,3,0,0,278,381,145,216,45,45,55,55,56,118,annuity,47,NativeBroken
126,3,4,0,0,381,436,216,334,45,45,55,55,56,118,,,
126,3,5,21,20,436,471,334,433,45,53,55,47,56,118,,,
126,3,6,0,0,471,566,433,498,53,42,47,58,62,98,annuity,32,ContinueTreaty
126,3,7,0,0,566,651,498,591,42,42,58,58,53,125,annuity,32,ContinueTreaty
126,3,8,0,0,651,736,591,683,42,42,58,58,53,125,annuity,32,ContinueTreaty
126,3,9,0,0,736,821,683,776,42,42,58,58,53,125,annuity,32,ContinueTreaty
126,3,10,0,0,821,906,776,868,42,42,58,58,53,125,annuity,32,NativeBroken
126,3,11,0,0,906,958,868,993,42,42,58,58,53,125,,,
126,3,12,26,16,958,985,993,1102,42,53,58,47,53,125,,,
126,3,13,0,0,985,1080,1102,1168,53,48,47,52,62,98,annuity,33,ContinueTreaty
126,3,14,0,0,1080,1171,1168,1246,48,48,52,52,58,111,annuity,33,ContinueTreaty
126,3,15,0,0,1171,1262,1246,1324,48,48,52,52,58,111,annuity,33,ContinueTreaty
126,3,16,0,0,1262,1353,1324,1403,48,48,52,52,58,111,annuity,33,ContinueTreaty
126,3,17,0,0,1353,1444,1403,1481,48,48,52,52,58,111,annuity,33,NativeBroken
126,3,18,0,0,1444,1502,1481,1592,48,48,52,52,58,111,,,
126,3,19,17,20,1502,1544,1592,1682,48,54,52,46,58,111,,,
126,3,20,0,0,1544,1638,1682,1747,54,32,46,68,63,96,annuity,31,MatchEnding
126,4,1,4,37,100,166,100,126,65,62,35,38,70,63,,,
126,4,2,0,0,166,278,126,154,62,49,38,51,69,71,annuity,43,ContinueTreaty
126,4,3,0,0,278,380,154,220,49,49,51,51,59,108,annuity,43,ContinueTreaty
126,4,4,0,0,380,481,220,286,49,49,51,51,59,108,annuity,43,ContinueTreaty
126,4,5,0,0,481,583,286,352,49,49,51,51,59,108,annuity,43,NativeBroken
126,4,6,0,0,583,642,352,460,49,49,51,51,59,108,,,
126,4,7,14,18,642,688,460,550,49,54,51,46,59,108,,,
126,4,8,0,0,688,780,550,616,54,35,46,65,63,95,annuity,29,ContinueTreaty
126,4,9,0,0,780,854,616,725,35,35,65,65,45,138,annuity,29,ContinueTreaty
126,4,10,0,0,854,928,725,834,35,35,65,65,45,138,annuity,29,ContinueTreaty
126,4,11,0,0,928,1002,834,943,35,35,65,65,45,138,annuity,29,ContinueTreaty
126,4,12,0,0,1002,1076,943,1052,35,35,65,65,45,138,annuity,29,MatchEnding
127,1,1,6,39,100,164,100,124,65,63,35,37,70,63,,,
127,1,2,0,0,164,369,124,57,63,43,37,57,69,69,lumpsum,136,MatchEnding
127,2,1,4,39,100,167,100,124,65,62,35,38,70,63,,,
127,3,1,6,36,100,164,100,127,65,63,35,37,70,63,,,
127,3,2,0,0,164,366,127,63,63,35,37,65,69,69,lumpsum,132,SettlerBroken
127,3,3,0,0,366,411,63,201,63,63,37,37,45,138,,,
127,3,4,4,34,411,451,201,305,63,61,37,39,45,138,,,
127,3,5,0,0,451,639,305,260,61,39,39,61,68,74,lumpsum,120,SettlerBroken
127,3,6,0,0,639,688,260,391,61,61,39,39,49,131,,,
127,3,7,4,34,688,733,391,488,61,60,39,40,49,131,,,
127,3,8,0,0,733,914,488,453,60,47,40,53,67,79,lumpsum,114,SettlerBroken
127,3,9,0,0,914,972,453,567,60,60,40,40,57,113,,,
127,3,10,4,37,972,1025,567,643,60,58,40,42,57,113,,,
127,3,11,0,0,1025,1205,643,613,58,34,42,66,66,84,lumpsum,113,SettlerBroken
127,3,12,0,0,1205,1248,613,753,58,58,42,42,44,140,,,
127,3,13,5,24,1248,1287,753,869,58,58,42,42,44,140,,,
127,3,14,0,0,1287,1448,869,858,58,44,42,56,66,84,lumpsum,95,SettlerBroken
127,3,15,0,0,1448,1502,858,978,58,58,42,42,55,121,,,
127,3,16,5,32,1502,1552,978,1067,58,57,42,43,55,121,,,
127,3,17,0,0,1552,1722,1067,1049,57,43,43,57,65,86,lumpsum,104,MatchEnding
127,4,1,1,40,100,169,100,123,65,61,35,39,70,63,,,
127,4,2,0,0,169,361,123,73,61,36,39,64,68,74,lumpsum,124,SettlerBroken
127,4,3,0,0,361,407,73,209,61,61,39,39,46,136,,,
127,4,4,2,36,407,452,209,310,61,58,39,42,46,136,,,
127,4,5,0,0,452,627,310,283,58,43,42,57,66,82,lumpsum,109,MatchEnding
128,1,1,4,37,100,167,100,126,65,62,35,38,70,63,,,
128,1,2,0,0,167,363,126,69,62,49,38,51,69,71,lumpsum,127,SettlerBroken
128,1,3,0,0,363,422,69,178,62,62,38,38,59,108,,,
128,1,4,6,35,422,475,178,251,62,61,38,39,59,108,,,
128,1,5,0,0,475,667,251,202,61,43,39,57,68,75,lumpsum,124,BothBroken
128,1,6,0,0,667,720,202,325,61,61,39,39,54,123,,,
128,1,7,7,34,720,767,325,414,61,60,39,40,54,123,,,
128,2,1,6,37,100,164,100,126,65,63,35,37,70,63,,,
128,2,2,0,0,164,367,126,61,63,32,37,68,69,69,lumpsum,134,ContinueTreaty
128,2,3,0,0,367,409,61,203,32,32,68,68,41,142,lumpsum,134,MatchEnding
128,3,1,1,40,100,169,100,123,65,61,35,39,70,63,,,
128,3,2,0,0,169,361,123,74,61,39,39,61,68,75,lumpsum,124,SettlerBroken
128,3,3,0,0,361,410,74,205,61,61,39,39,49,131,,,
128,3,4,7,35,410,453,205,301,61,60,39,40,49,131,,,
128,3,5,0,0,453,641,301,257,60,44,40,56,67,78,lumpsum,121,ContinueTreaty
128,3,6,0,0,641,696,257,378,44,44,56,56,55,121,lumpsum,121,MatchEnding
128,4,1,1,37,100,169,100,126,65,61,35,39,70,63,,,
128,4,2,0,0,169,357,126,81,61,30,39,70,68,74,lumpsum,119,BothBroken
128,4,3,0,0,357,395,81,226,61,61,39,39,39,145,,,
128,4,4,5,35,395,429,226,337,61,60,39,40,39,145,,,
128,4,5,0,0,429,614,337,298,60,35,40,65,67,78,lumpsum,117,ContinueTreaty
128,4,6,0,0,614,659,298,436,35,35,65,65,45,138,lumpsum,117,ContinueTreaty
128,4,7,0,0,659,704,436,573,35,35,65,65,45,138,lumpsum,117,SettlerBroken
128,4,8,0,0,704,749,573,711,35,35,65,65,45,138,,,
128,4,9,41,10,749,753,711,839,35,54,65,46,45,138,,,
128,4,10,8,26,753,808,839,908,54,56,46,44,63,94,,,
129,1,1,3,39,100,167,100,124,65,62,35,38,70,63,,,
129,1,2,0,0,167,279,124,153,62,31,38,69,68,72,annuity,43,BothBroken
129,1,3,0,0,279,319,153,296,62,62,38,38,40,144,,,
129,1,4,8,31,319,351,296,409,62,61,38,39,40,144,,,
129,1,5,0,0,351,460,409,442,61,49,39,51,68,74,annuity,41,BothBroken
129,1,6,0,0,460,519,442,550,61,61,39,39,59,108,,,
129,1,7,6,37,519,572,550,622,61,60,39,40,59,108,,,
129,1,8,0,0,572,681,622,658,60,39,40,61,67,78,annuity,41,SettlerBroken
129,1,9,0,0,681,730,658,789,60,60,40,40,49,131,,,
129,1,10,9,32,730,770,789,888,60,60,40,40,49,131,,,
129,1,11,0,0,770,878,888,925,60,39,40,61,67,77,annuity,40,SettlerBroken
129,1,12,0,0,878,928,925,1056,60,60,40,40,49,131,,,
129,2,1,4,38,100,167,100,125,65,62,35,38,70,63,,,
129,2,2,0,0,167,278,125,153,62,32,38,68,69,71,annuity,43,SettlerBroken
129,2,3,0,0,278,320,153,295,62,62,38,38,41,142,,,
129,3,1,4,40,100,166,100,123,65,62,35,38,70,63,,,
129,4,1,3,39,100,167,100,124,65,62,35,38,70,63,,,
129,4,2,0,0,167,279,124,152,62,38,38,62,68,72,annuity,43,SettlerBroken
129,4,3,0,0,279,327,152,285,62,62,38,38,48,133,,,
129,4,4,4,36,327,371,285,381,62,60,38,40,48,133,,,
129,4,5,0,0,371,478,381,419,60,38,40,62,67,77,annuity,40,BothBroken
129,4,6,0,0,478,527,419,551,60,60,40,40,48,133,,,
129,4,7,8,35,527,567,551,650,60,60,40,40,48,133,,,
129,4,8,0,0,567,675,650,688,60,37,40,63,67,79,annuity,40,MatchEnding
130,1,1,4,41,100,166,100,122,65,62,35,38,70,63,,,
130,1,2,0,0,166,279,122,148,62,50,38,50,69,71,annuity,45,ContinueTreaty
130,1,3,0,0,279,384,148,209,50,50,50,50,60,106,annuity,45,NativeBroken
130,1,4,0,0,384,444,209,315,50,50,50,50,60,106,,,
130,1,5,15,20,444,489,315,401,50,55,50,45,60,106,,,
130,1,6,0,0,489,584,401,462,55,30,45,70,64,93,annuity,31,ContinueTreaty
130,1,7,0,0,584,655,462,576,30,30,70,70,39,145,annuity,31,ContinueTreaty
130,1,8,0,0,655,725,576,690,30,30,70,70,39,145,annuity,31,ContinueTreaty
130,1,9,0,0,725,795,690,803,30,30,70,70,39,145,annuity,31,NativeBroken
130,1,10,0,0,795,834,803,948,30,30,70,70,39,145,,,
130,2,1,1,38,100,169,100,125,65,61,35,39,70,63,,,
130,2,2,0,0,169,277,125,159,61,33,39,67,68,74,annuity,41,ContinueTreaty
130,2,3,0,0,277,361,159,259,33,33,67,67,43,141,annuity,41,ContinueTreaty
130,2,4,0,0,361,444,259,360,33,33,67,67,43,141,annuity,41,NativeBroken
130,2,5,0,0,444,486,360,501,33,33,67,67,43,141,,,
130,2,6,43,11,486,486,501,630,33,54,67,46,43,141,,,
130,2,7,0,0,486,590,630,684,54,42,46,58,64,94,annuity,40,NativeBroken
130,2,8,0,0,590,643,684,808,54,54,46,46,53,125,,,
130,2,9,8,29,643,687,808,904,54,56,46,44,53,125,,,
130,2,10,0,0,687,785,904,961,56,50,44,50,64,90,annuity,33,MatchEnding
130,3,1,2,36,100,168,100,127,65,62,35,38,70,63,,,
130,3,2,0,0,168,277,127,160,62,30,38,70,68,73,annuity,40,ContinueTreaty
130,3,3,0,0,277,356,160,264,30,30,70,70,39,145,annuity,40,ContinueTreaty
130,3,4,0,0,356,435,264,369,30,30,70,70,39,145,annuity,40,MatchEnding
130,4,1,4,37,100,167,100,126,65,62,35,38,70,63,,,
130,4,2,0,0,167,278,126,155,62,39,38,61,69,71,annuity,42,NativeBroken
130,4,3,0,0,278,327,155,286,62,62,38,38,49,131,,,
130,4,4,3,35,327,373,286,382,62,60,38,40,49,131,,,
130,4,5,0,0,373,479,382,421,60,39,40,61,67,77,annuity,39,MatchEnding
131,1,1,3,37,100,167,100,126,65,62,35,38,70,63,,,
131,1,2,6,34,167,230,126,163,62,61,38,39,69,71,,,
131,1,3,4,33,230,293,163,206,61,59,39,41,68,76,,,
131,1,4,5,33,293,355,206,253,59,58,41,42,67,80,,,
131,1,5,7,31,355,415,253,305,58,58,42,42,66,83,,,
131,1,6,7,30,415,474,305,358,58,58,42,42,66,83,,,
131,1,7,5,30,474,535,358,412,58,57,42,43,66,84,,,
131,1,8,8,29,535,592,412,468,57,58,43,42,66,85,,,
131,2,1,5,39,100,165,100,124,65,63,35,37,70,63,,,
131,2,2,1,32,165,233,124,162,63,59,37,41,69,70,,,
131,2,3,11,28,233,289,162,214,59,60,41,40,67,79,,,
131,2,4,4,32,289,352,214,259,60,59,40,41,68,77,,,
131,2,5,8,29,352,411,259,310,59,59,41,41,67,81,,,
131,2,6,8,30,411,469,310,360,59,59,41,41,67,80,,,
131,3,1,5,38,100,166,100,125,65,63,35,37,70,63,,,
131,3,2,7,37,166,227,125,159,63,61,37,39,69,70,,,
131,4,1,4,39,100,166,100,124,65,62,35,38,70,63,,,
131,4,2,6,39,166,228,124,155,62,61,38,39,69,71,,,
132,1,1,1,39,100,169,100,124,65,61,35,39,70,63,,,
132,1,2,0,0,169,360,124,74,61,41,39,59,68,74,lumpsum,124,MatchEnding
132,2,1,5,38,100,165,100,125,65,63,35,37,70,63,,,
132,2,2,0,0,165,366,125,63,63,32,37,68,69,70,lumpsum,132,SettlerBroken
132,2,3,0,0,366,407,63,206,63,63,37,37,41,142,,,
132,2,4,4,36,407,445,206,312,63,60,37,40,41,142,,,
132,2,5,0,0,445,632,312,269,60,45,40,55,67,77,lumpsum,120,MatchEnding
132,3,1,2,38,100,168,100,125,65,62,35,38,70,63,,,
132,3,2,0,0,168,362,125,71,62,40,38,60,68,72,lumpsum,126,BothBroken
132,3,3,0,0,362,413,71,200,62,62,38,38,51,129,,,
132,3,4,8,33,413,455,200,297,62,61,38,39,51,129,,,
132,3,5,0,0,455,647,297,247,61,50,39,50,68,74,lumpsum,124,SettlerBroken
132,3,6,0,0,647,707,247,353,61,61,39,39,60,106,,,
132,3,7,3,34,707,764,353,424,61,59,39,41,60,106,,,
132,3,8,0,0,764,942,424,394,59,36,41,64,67,81,lumpsum,111,SettlerBroken
132,3,9,0,0,942,988,394,531,59,59,41,41,46,136,,,
132,3,10,9,31,988,1025,531,636,59,59,41,41,46,136,,,
132,3,11,0,0,1025,1208,636,599,59,31,41,69,67,80,lumpsum,116,SettlerBroken
132,3,12,0,0,1208,1248,599,743,59,59,41,41,40,144,,,
132,3,13,7,30,1248,1280,743,858,59,59,41,41,40,144,,,
132,3,14,0,0,1280,1459,858,825,59,34,41,66,67,80,lumpsum,112,SettlerBroken
132,3,15,0,0,1459,1503,825,965,59,59,41,41,44,140,,,
132,4,1,8,37,100,162,100,127,65,63,35,37,70,63,,,
132,4,2,0,0,162,369,127,57,63,49,37,51,69,67,lumpsum,137,BothBroken
132,4,3,0,0,369,428,57,165,63,63,37,37,59,108,,,
132,4,4,4,39,428,483,165,235,63,61,37,39,59,108,,,
132,4,5,0,0,483,677,235,184,61,31,39,69,68,75,lumpsum,126,BothBroken
132,4,6,0,0,677,717,184,328,61,61,39,39,40,144,,,
132,4,7,5,30,717,752,328,441,61,60,39,40,40,144,,,
132,4,8,0,0,752,932,441,406,60,42,40,58,67,78,lumpsum,112,MatchEnding
133,1,1,5,37,100,165,100,126,65,63,35,37,70,63,,,
133,1,2,0,0,165,278,126,153,63,50,37,50,69,70,annuity,43,BothBroken
133,1,3,0,0,278,338,153,258,63,63,37,37,60,106,,,
133,1,4,3,37,338,395,258,327,63,60,37,40,60,106,,,
133,1,5,0,0,395,502,327,366,60,48,40,52,67,78,annuity,39,SettlerBroken
133,1,6,0,0,502,560,366,477,60,60,40,40,58,111,,,
133,1,7,9,30,560,610,477,558,60,60,40,40,58,111,,,
133,1,8,0,0,610,716,558,596,60,39,40,61,67,77,annuity,39,SettlerBroken
133,1,9,0,0,716,766,596,727,60,60,40,40,49,131,,,
133,2,1,7,40,100,163,100,123,65,63,35,37,70,63,,,
133,2,2,0,0,163,279,123,145,63,30,37,70,69,68,annuity,47,SettlerBroken
133,2,3,0,0,279,318,145,290,63,63,37,37,39,145,,,
133,3,1,3,38,100,167,100,125,65,62,35,38,70,63,,,
133,4,1,6,38,100,164,100,125,65,63,35,37,70,63,,,
133,4,2,0,0,164,278,125,149,63,40,37,60,69,69,annuity,45,SettlerBroken
133,4,3,0,0,278,329,149,278,63,63,37,37,51,129,,,
133,4,4,6,38,329,374,278,369,63,61,37,39,51,129,,,
133,4,5,0,0,374,484,369,400,61,38,39,62,68,74,annuity,43,MatchEnding
134,1,1,6,37,100,164,100,126,65,63,35,37,70,63,,,
134,1,2,0,0,164,366,126,62,63,49,37,51,69,69,lumpsum,133,SettlerBroken
134,1,3,0,0,366,426,62,171,63,63,37,37,59,108,,,
134,1,4,2,33,426,482,171,246,63,60,37,40,59,108,,,
134,1,5,0,0,482,664,246,209,60,33,40,67,68,76,lumpsum,114,SettlerBroken
134,1,6,0,0,664,706,209,350,60,60,40,40,43,141,,,
134,1,7,6,33,706,743,350,458,60,59,40,41,43,141,,,
134,1,8,0,0,743,924,458,423,59,34,41,66,67,79,lumpsum,114,BothBroken
134,1,9,0,0,924,968,423,563,59,59,41,41,44,140,,,
134,1,10,8,28,968,1004,563,674,59,59,41,41,44,140,,,
134,1,11,0,0,1004,1182,674,642,59,46,41,54,67,79,lumpsum,111,SettlerBroken
134,1,12,0,0,1182,1239,642,757,59,59,41,41,57,116,,,
134,1,13,4,34,1239,1291,757,839,59,58,41,42,57,116,,,
134,1,14,0,0,1291,1466,839,815,58,45,42,55,66,84,lumpsum,108,SettlerBroken
134,1,15,0,0,1466,1521,815,933,58,58,42,42,56,118,,,
134,2,1,2,36,100,168,100,127,65,62,35,38,70,63,,,
134,3,1,2,37,100,168,100,127,65,62,35,38,70,63,,,
134,3,2,0,0,168,359,127,76,62,33,38,67,68,73,lumpsum,123,SettlerBroken
134,3,3,0,0,359,402,76,217,62,62,38,38,43,141,,,
134,3,4,8,36,402,437,217,322,62,61,38,39,43,141,,,
134,4,1,5,37,100,165,100,126,65,63,35,37,70,63,,,
135,1,1,8,38,100,162,100,125,65,64,35,36,70,63,,,
135,1,2,5,36,162,226,125,157,64,62,36,38,69,67,,,
135,1,3,4,34,226,291,157,196,62,60,38,40,68,73,,,
135,1,4,3,29,291,355,196,246,60,58,40,42,67,79,,,
135,1,5,7,34,355,414,246,294,58,58,42,42,66,83,,,
135,1,6,4,29,414,476,294,350,58,57,42,43,66,84,,,
135,1,7,5,27,476,537,350,410,57,57,43,43,65,87,,,
135,1,8,11,31,537,591,410,467,57,58,43,42,65,88,,,
135,1,9,7,29,591,650,467,522,58,58,42,42,66,84,,,
135,1,10,6,29,650,710,522,576,58,58,42,42,66,83,,,
135,1,11,5,30,710,771,576,630,58,57,42,43,66,84,,,
135,1,12,8,26,771,828,630,690,57,58,43,42,65,86,,,
135,1,13,8,35,828,886,690,739,58,58,42,42,66,84,,,
135,2,1,7,37,100,163,100,126,65,63,35,37,70,63,,,
135,2,2,4,39,163,229,126,155,63,61,37,39,69,68,,,
135,2,3,0,0,229,422,155,105,61,30,39,70,68,76,lumpsum,125,ContinueTreaty
135,2,4,0,0,422,461,105,250,30,30,70,70,39,145,lumpsum,125,MatchEnding
135,3,1,2,39,100,168,100,124,65,62,35,38,70,63,,,
135,3,2,6,33,168,231,124,165,62,60,38,40,68,73,,,
135,3,3,4,33,231,294,165,208,60,59,40,41,68,76,,,
135,3,4,6,32,294,355,208,257,59,58,41,42,67,81,,,
135,3,5,8,29,355,413,257,311,58,59,42,41,66,83,,,
135,3,6,12,30,413,468,311,363,59,60,41,40,66,82,,,
135,3,7,6,34,468,529,363,408,60,59,40,41,67,78,,,
135,3,8,6,31,529,590,408,458,59,58,41,42,67,81,,,
135,3,9,8,33,590,648,458,507,58,58,42,42,66,82,,,
135,3,10,10,33,648,705,507,557,58,59,42,41,66,82,,,
135,3,11,7,30,705,764,557,607,59,59,41,41,67,81,,,
135,4,1,1,38,100,169,100,126,65,61,35,39,70,63,,,
135,4,2,4,31,169,233,126,170,61,59,39,41,68,75,,,
135,4,3,6,29,233,294,170,220,59,59,41,41,67,79,,,
135,4,4,6,32,294,355,220,269,59,58,41,42,67,81,,,
136,1,1,4,37,100,166,100,126,65,62,35,38,70,63,,,
136,1,2,0,0,166,363,126,68,62,36,38,64,69,71,lumpsum,129,ContinueTreaty
136,1,3,0,0,363,410,68,204,36,36,64,64,46,136,lumpsum,129,ContinueTreaty
136,1,4,0,0,410,456,204,341,36,36,64,64,46,136,lumpsum,129,ContinueTreaty
136,1,5,0,0,456,502,341,477,36,36,64,64,46,136,lumpsum,129,NativeBroken
136,1,6,0,0,502,548,477,613,36,36,64,64,46,136,,,
136,1,7,35,14,548,559,613,735,36,53,64,47,46,136,,,
136,1,8,0,0,559,731,735,724,53,32,47,68,62,98,lumpsum,110,ContinueTreaty
136,1,9,0,0,731,772,724,866,32,32,68,68,41,142,lumpsum,110,ContinueTreaty
136,1,10,0,0,772,813,866,1009,32,32,68,68,41,142,lumpsum,110,ContinueTreaty
136,1,11,0,0,813,855,1009,1151,32,32,68,68,41,142,lumpsum,110,NativeBroken
136,1,12,0,0,855,896,1151,1294,32,32,68,68,41,142,,,
136,2,1,3,39,100,167,100,124,65,62,35,38,70,63,,,
136,2,2,0,0,167,364,124,67,62,36,38,64,69,72,lumpsum,129,MatchEnding
136,3,1,2,39,100,168,100,124,65,62,35,38,70,63,,,
136,3,2,0,0,168,363,124,70,62,48,38,52,68,73,lumpsum,127,ContinueTreaty
136,3,3,0,0,363,421,70,181,48,48,52,52,58,111,lumpsum,127,MatchEnding
136,4,1,6,40,100,164,100,123,65,63,35,37,70,63,,,
136,4,2,0,0,164,370,123,55,63,37,37,63,69,69,lumpsum,137,ContinueTreaty
136,4,3,0,0,370,418,55,190,37,37,63,63,47,135,lumpsum,137,NativeBroken
136,4,4,0,0,418,465,190,324,37,37,63,63,47,135,,,
136,4,5,34,12,465,478,324,447,37,53,63,47,47,135,,,
136,4,6,0,0,478,645,447,441,53,39,47,61,62,98,lumpsum,104,ContinueTreaty
136,4,7,0,0,645,694,441,572,39,39,61,61,49,131,lumpsum,104,ContinueTreaty
136,4,8,0,0,694,744,572,703,39,39,61,61,49,131,lumpsum,104,MatchEnding
137,1,1,4,39,100,167,100,124,65,62,35,38,70,63,,,
137,1,2,5,34,167,230,124,161,62,61,38,39,69,71,,,
137,1,3,6,36,230,292,161,201,61,59,39,41,68,76,,,
137,1,4,7,31,292,351,201,249,59,59,41,41,67,79,,,
137,1,5,6,32,351,412,249,297,59,59,41,41,67,80,,,
137,1,6,5,32,412,473,297,347,59,58,41,42,66,82,,,
137,1,7,0,26,473,539,347,405,58,54,42,46,66,84,,,
137,1,8,11,25,539,592,405,473,54,57,46,43,64,94,,,
137,2,1,4,41,100,166,100,122,65,62,35,38,70,63,,,
137,2,2,9,35,166,226,122,158,62,61,38,39,69,72,,,
137,2,3,2,35,226,292,158,196,61,59,39,41,68,73,,,
137,2,4,8,31,292,351,196,246,59,59,41,41,67,81,,,
137,3,1,6,38,100,164,100,125,65,63,35,37,70,63,,,
137,3,2,5,35,164,229,125,158,63,61,37,39,69,69,,,
137,3,3,6,35,229,291,158,198,61,60,39,40,68,75,,,
137,3,4,7,35,291,350,198,241,60,59,40,41,67,78,,,
137,3,5,7,33,350,410,241,288,59,59,41,41,67,80,,,
137,3,6,5,31,410,472,288,338,59,58,41,42,67,81,,,
137,3,7,7,30,472,531,338,391,58,58,42,42,66,83,,,
137,3,8,7,31,531,590,391,444,58,58,42,42,66,83,,,
137,3,9,9,30,590,647,444,497,58,59,42,41,66,83,,,
137,3,10,7,30,647,707,497,549,59,58,41,42,66,82,,,
137,4,1,4,40,100,166,100,123,65,62,35,38,70,63,,,
138,1,1,1,38,100,169,100,125,65,61,35,39,70,63,,,
138,1,2,5,35,169,232,125,164,61,60,39,40,68,74,,,
138,1,3,4,38,232,296,164,205,60,58,40,42,67,79,,,
138,1,4,6,29,296,355,205,261,58,58,42,42,66,84,,,
138,1,5,9,30,355,412,261,316,58,58,42,42,66,85,,,
138,1,6,7,28,412,472,316,370,58,58,42,42,66,83,,,
138,1,7,7,31,472,531,370,422,58,58,42,42,66,83,,,
138,1,8,7,29,531,590,422,477,58,58,42,42,66,83,,,
138,1,9,9,30,590,647,477,529,58,59,42,41,66,82,,,
138,2,1,3,40,100,167,100,123,65,62,35,38,70,63,,,
138,2,2,5,35,167,230,123,160,62,60,38,40,68,72,,,
138,2,3,6,29,230,292,160,207,60,60,40,40,67,77,,,
138,2,4,11,36,292,348,207,249,60,60,40,40,67,78,,,
138,2,5,7,31,348,408,249,296,60,60,40,40,67,77,,,
138,3,1,4,41,100,166,100,122,65,62,35,38,70,63,,,
138,3,2,4,35,166,230,122,158,62,60,38,40,69,71,,,
138,3,3,4,34,230,293,158,201,60,59,40,41,68,76,,,
138,3,4,6,31,293,354,201,251,59,58,41,42,67,81,,,
138,3,5,6,34,354,414,251,299,58,58,42,42,66,82,,,
138,3,6,3,31,414,477,299,352,58,57,42,43,66,84,,,
138,3,7,8,28,477,534,352,412,57,57,43,43,65,88,,,
138,3,8,8,29,534,591,412,469,57,58,43,42,66,85,,,
138,3,9,5,33,591,652,469,520,58,57,42,43,66,84,,,
138,3,10,7,33,652,710,520,574,57,57,43,43,65,86,,,
138,4,1,5,38,100,165,100,125,65,63,35,37,70,63,,,
138,4,2,6,34,165,228,125,160,63,61,37,39,69,70,,,
138,4,3,2,35,228,295,160,199,61,58,39,42,68,74,,,
138,4,4,1,31,295,359,199,250,58,56,42,44,66,82,,,
138,4,5,7,31,359,417,250,309,56,56,44,44,65,89,,,
138,4,6,10,26,417,472,309,372,56,58,44,42,65,89,,,
138,4,7,4,29,472,533,372,427,58,57,42,43,66,84,,,
138,4,8,13,32,533,586,427,481,57,59,43,41,65,86,,,
138,4,9,3,31,586,649,481,531,59,57,41,43,66,82,,,
138,4,10,9,29,649,706,531,588,57,58,43,42,65,86,,,
138,4,11,4,36,706,768,588,636,58,57,42,43,66,84,,,
139,1,1,2,41,100,168,100,122,65,61,35,39,70,63,,,
139,1,2,3,35,168,233,122,161,61,59,39,41,68,73,,,
139,1,3,8,33,233,293,161,208,59,59,41,41,67,80,,,
139,1,4,7,31,293,352,208,258,59,59,41,41,67,81,,,
139,1,5,5,34,352,413,258,306,59,58,41,42,67,81,,,
139,1,6,5,28,413,475,306,362,58,57,42,43,66,84,,,
139,1,7,9,32,475,532,362,415,57,58,43,42,66,85,,,
139,1,8,4,30,532,594,415,469,58,57,42,43,66,84,,,
139,1,9,7,29,594,652,469,526,57,57,43,43,65,87,,,
139,1,10,8,30,652,709,526,582,57,58,43,42,65,86,,,
139,1,11,9,31,709,766,582,635,58,58,42,42,66,84,,,
139,2,1,6,37,100,164,100,126,65,63,35,37,70,63,,,
139,2,2,1,39,164,232,126,156,63,60,37,40,69,68,,,
139,2,3,6,34,232,293,156,201,60,59,40,41,67,79,,,
139,2,4,7,30,293,352,201,252,59,59,41,41,66,81,,,
139,2,5,6,30,352,413,252,303,59,58,41,42,66,82,,,
139,2,6,2,28,413,477,303,358,58,56,42,44,66,83,,,
139,2,7,7,27,477,535,358,420,56,57,44,43,65,88,,,
139,3,1,4,39,100,166,100,124,65,62,35,38,70,63,,,
139,3,2,5,36,166,230,124,159,62,61,38,39,69,70,,,
139,3,3,6,32,230,291,159,203,61,60,39,40,68,76,,,
139,4,1,2,38,100,168,100,125,65,62,35,38,70,63,,,
140,1,1,2,38,100,169,100,125,65,61,35,39,70,63,,,
140,1,2,3,35,169,234,125,164,61,59,39,41,68,73,,,
140,1,3,9,32,234,292,164,212,59,59,41,41,67,80,,,
140,1,4,7,33,292,351,212,259,59,59,41,41,67,80,,,
140,1,5,4,26,351,414,259,313,59,58,41,42,67,80,,,
140,1,6,6,34,414,474,313,362,58,58,42,42,66,83,,,
140,1,7,6,32,474,533,362,414,58,57,42,43,66,84,,,
140,2,1,3,38,100,168,100,125,65,62,35,38,70,63,,,
140,2,2,6,37,168,230,125,161,62,60,38,40,68,72,,,
140,2,3,9,34,230,289,161,203,60,60,40,40,68,76,,,
140,2,4,7,34,289,350,203,246,60,59,40,41,67,77,,,
140,2,5,8,35,350,409,246,291,59,59,41,41,67,79,,,
140,2,6,9,31,409,467,291,340,59,59,41,41,67,80,,,
140,2,7,9,32,467,525,340,387,59,59,41,41,67,79,,,
140,2,8,0,32,525,591,387,433,59,56,41,44,67,79,,,
140,2,9,0,0,591,750,433,428,56,32,44,68,65,89,lumpsum,94,SettlerBroken
140,2,10,0,0,750,792,428,571,56,56,44,44,41,142,,,
140,2,11,6,27,792,827,571,686,56,56,44,44,41,142,,,
140,3,1,2,36,100,168,100,127,65,62,35,38,70,63,,,
140,3,2,7,38,168,229,127,162,62,61,38,39,68,73,,,
140,3,3,5,32,229,292,162,206,61,59,39,41,68,76,,,
140,3,4,7,29,292,352,206,257,59,59,41,41,67,79,,,
140,4,1,5,37,100,166,100,126,65,63,35,37,70,63,,,
140,4,2,3,37,166,232,126,159,63,60,37,40,69,70,,,
140,4,3,4,29,232,295,159,208,60,59,40,41,67,78,,,
141,1,1,6,35,100,164,100,128,65,63,35,37,70,63,,,
141,1,2,0,0,164,277,128,153,63,38,37,62,69,68,annuity,44,ContinueTreaty
141,1,3,0,0,277,369,153,242,38,38,62,62,48,133,annuity,44,SettlerBroken
141,1,4,0,0,369,417,242,375,38,38,62,62,48,133,,,
141,2,1,1,37,100,169,100,126,65,61,35,39,70,63,,,
141,2,2,0,0,169,277,126,160,61,30,39,70,68,74,annuity,40,MatchEnding
141,3,1,5,42,100,165,100,121,65,62,35,38,70,63,,,
141,3,2,0,0,165,280,121,145,62,35,38,65,69,71,annuity,46,SettlerBroken
141,3,3,0,0,280,325,145,283,62,62,38,38,45,138,,,
141,4,1,2,34,100,168,100,129,65,62,35,38,70,63,,,
141,4,2,0,0,168,276,129,162,62,39,38,61,68,72,annuity,40,SettlerBroken
141,4,3,0,0,276,326,162,293,62,62,38,38,49,131,,,
141,4,4,7,34,326,368,293,389,62,61,38,39,49,131,,,
141,4,5,0,0,368,477,389,423,61,31,39,69,68,75,annuity,41,MatchEnding
142,1,1,5,42,100,165,100,121,65,62,35,38,70,63,,,
142,1,2,5,36,165,229,121,155,62,60,38,40,69,71,,,
142,1,3,5,33,229,292,155,198,60,59,40,41,68,76,,,
142,1,4,5,31,292,354,198,248,59,58,41,42,67,80,,,
142,1,5,10,32,354,410,248,299,58,59,42,41,66,83,,,
142,1,6,7,32,410,470,299,349,59,59,41,41,67,81,,,
142,1,7,6,30,470,531,349,400,59,58,41,42,66,82,,,
142,1,8,9,29,531,587,400,453,58,59,42,41,66,83,,,
142,2,1,1,40,100,169,100,123,65,61,35,39,70,63,,,
142,3,1,6,35,100,164,100,128,65,63,35,37,70,63,,,
142,4,1,4,40,100,166,100,123,65,62,35,38,70,63,,,
142,4,2,2,40,166,232,123,154,62,59,38,41,69,71,,,
142,4,3,4,33,232,295,154,200,59,58,41,42,67,80,,,
142,4,4,8,35,295,354,200,249,58,58,42,42,66,84,,,
142,4,5,8,30,354,411,249,303,58,58,42,42,66,84,,,
142,4,6,6,31,411,471,303,355,58,58,42,42,66,83,,,
142,4,7,6,32,471,531,355,406,58,58,42,42,66,84,,,
142,4,8,13,29,531,583,406,461,58,59,42,41,66,85,,,
142,4,9,8,31,583,642,461,510,59,59,41,41,67,80,,,
142,4,10,8,38,642,701,510,551,59,59,41,41,67,80,,,
142,4,11,7,35,701,761,551,597,59,58,41,42,66,81,,,
142,4,12,5,30,761,822,597,650,58,58,42,42,66,83,,,
142,4,13,6,29,822,882,650,705,58,57,42,43,66,85,,,
142,4,14,7,30,882,941,705,760,57,58,43,42,66,85,,,
142,4,15,8,32,941,998,760,812,58,58,42,42,66,85,,,
142,4,16,8,32,998,1056,812,864,58,58,42,42,66,84,,,
142,4,17,8,29,1056,1114,864,919,58,58,42,42,66,84,,,
142,4,18,12,33,1114,1168,919,968,58,59,42,41,66,82,,,
142,4,19,6,33,1168,1229,968,1014,59,59,41,41,67,79,,,
143,1,1,4,38,100,166,100,126,65,62,35,38,70,63,,,
143,1,2,3,37,166,232,126,159,62,60,38,40,69,71,,,
143,2,1,4,38,100,166,100,125,65,62,35,38,70,63,,,
143,3,1,4,40,100,166,100,123,65,62,35,38,70,63,,,
143,3,2,3,35,166,232,123,159,62,60,38,40,69,71,,,
143,3,3,9,35,232,290,159,202,60,60,40,40,67,78,,,
143,3,4,3,32,290,355,202,249,60,58,40,42,67,79,,,
143,3,5,9,27,355,412,249,307,58,58,42,42,66,85,,,
143,3,6,4,33,412,474,307,355,58,57,42,43,66,82,,,
143,4,1,4,38,100,166,100,125,65,62,35,38,70,63,,,
143,4,2,7,37,166,228,125,159,62,61,38,39,69,71,,,
143,4,3,5,36,228,291,159,198,61,60,39,40,68,75,,,
143,4,4,5,34,291,353,198,242,60,58,40,42,67,79,,,
143,4,5,6,34,353,414,242,291,58,58,42,42,66,83,,,
143,4,6,9,30,414,470,291,345,58,58,42,42,66,85,,,
143,4,7,6,28,470,531,345,399,58,58,42,42,66,83,,,
143,4,8,7,30,531,590,399,453,58,58,42,42,66,83,,,
143,4,9,5,33,590,651,453,503,58,57,42,43,66,83,,,
143,4,10,11,27,651,706,503,563,57,59,43,41,65,86,,,
143,4,11,4,32,706,768,563,612,59,57,41,43,66,82,,,
144,1,1,6,40,100,164,100,123,65,63,35,37,70,63,,,
144,1,2,0,0,164,279,123,147,63,30,37,70,69,69,annuity,46,ContinueTreaty
144,1,3,0,0,279,363,147,247,30,30,70,70,39,145,annuity,46,NativeBroken
144,1,4,0,0,363,402,247,392,30,30,70,70,39,145,,,
144,1,5,38,12,402,403,392,525,30,53,70,47,39,145,,,
144,2,1,2,39,100,168,100,124,65,61,35,39,70,63,,,
144,2,2,0,0,168,278,124,156,61,46,39,54,68,73,annuity,42,ContinueTreaty
144,2,3,0,0,278,376,156,230,46,46,54,54,57,116,annuity,42,ContinueTreaty
144,2,4,0,0,376,474,230,305,46,46,54,54,57,116,annuity,42,ContinueTreaty
144,2,5,0,0,474,572,305,379,46,46,54,54,57,116,annuity,42,ContinueTreaty
144,2,6,0,0,572,670,379,453,46,46,54,54,57,116,annuity,42,ContinueTreaty
144,2,7,0,0,670,769,453,528,46,46,54,54,57,116,annuity,42,MatchEnding
144,3,1,4,39,100,166,100,124,65,62,35,38,70,63,,,
144,3,2,0,0,166,279,124,150,62,34,38,66,69,71,annuity,44,ContinueTreaty
144,3,3,0,0,279,367,150,246,34,34,66,66,44,140,annuity,44,ContinueTreaty
144,3,4,0,0,367,455,246,341,34,34,66,66,44,140,annuity,44,ContinueTreaty
144,3,5,0,0,455,542,341,436,34,34,66,66,44,140,annuity,44,ContinueTreaty
144,3,6,0,0,542,630,436,532,34,34,66,66,44,140,annuity,44,ContinueTreaty
144,3,7,0,0,630,718,532,627,34,34,66,66,44,140,annuity,44,MatchEnding
144,4,1,7,40,100,163,100,123,65,63,35,37,70,63,,,
144,4,2,0,0,163,279,123,146,63,49,37,51,69,69,annuity,46,ContinueTreaty
144,4,3,0,0,279,384,146,208,49,49,51,51,59,108,annuity,46,NativeBroken
144,4,4,0,0,384,444,208,316,49,49,51,51,59,108,,,
144,4,5,17,21,444,486,316,403,49,55,51,45,59,108,,,
144,4,6,0,0,486,582,403,464,55,32,45,68,64,93,annuity,33,ContinueTreaty
144,4,7,0,0,582,656,464,574,32,32,68,68,41,142,annuity,33,MatchEnding
145,1,1,5,38,100,165,100,125,65,63,35,37,70,63,,,
145,1,2,0,0,165,366,125,64,63,32,37,68,69,70,lumpsum,131,SettlerBroken
145,1,3,0,0,366,407,64,206,63,63,37,37,41,142,,,
145,1,4,4,36,407,445,206,313,63,60,37,40,41,142,,,
145,1,5,0,0,445,632,313,269,60,40,40,60,68,76,lumpsum,120,BothBroken
145,1,6,0,0,632,683,269,398,60,60,40,40,51,129,,,
145,1,7,3,32,683,731,398,496,60,58,40,42,51,129,,,
145,1,8,0,0,731,901,496,474,58,41,42,59,66,82,lumpsum,104,SettlerBroken
145,1,9,0,0,901,953,474,601,58,58,42,42,52,127,,,
145,1,10,10,31,953,994,601,696,58,59,42,41,52,127,,,
145,1,11,0,0,994,1178,696,660,59,39,41,61,67,80,lumpsum,117,BothBroken
145,1,12,0,0,1178,1228,660,791,59,59,41,41,49,131,,,
145,1,13,7,33,1228,1271,791,888,59,59,41,41,49,131,,,
145,2,1,2,38,100,168,100,125,65,62,35,38,70,63,,,
145,2,2,0,0,168,362,125,72,62,42,38,58,68,73,lumpsum,125,BothBroken
145,2,3,0,0,362,414,72,197,62,62,38,38,53,125,,,
145,3,1,3,39,100,167,100,124,65,62,35,38,70,63,,,
145,3,2,0,0,167,364,124,69,62,41,38,59,68,72,lumpsum,128,SettlerBroken
145,3,3,0,0,364,415,69,196,62,62,38,38,52,127,,,
145,4,1,5,40,100,165,100,123,65,62,35,38,70,63,,,
145,4,2,0,0,165,369,123,58,62,36,38,64,69,70,lumpsum,135,SettlerBroken
145,4,3,0,0,369,415,58,195,62,62,38,38,46,136,,,
145,4,4,3,37,415,458,195,294,62,60,38,40,46,136,,,
145,4,5,0,0,458,644,294,253,60,40,40,60,67,77,lumpsum,119,SettlerBroken
145,4,6,0,0,644,695,253,382,60,60,40,40,51,129,,,
145,4,7,9,36,695,737,382,475,60,60,40,40,51,129,,,
146,1,1,3,40,100,167,100,123,65,62,35,38,70,63,,,
146,1,2,0,0,167,366,123,64,62,36,38,64,68,72,lumpsum,130,SettlerBroken
146,1,3,0,0,366,412,64,201,62,62,38,38,46,136,,,
146,1,4,5,35,412,453,201,302,62,60,38,40,46,136,,,
146,1,5,0,0,453,641,302,257,60,31,40,69,68,76,lumpsum,121,SettlerBroken
146,1,6,0,0,641,681,257,401,60,60,40,40,40,144,,,
146,1,7,7,31,681,714,401,514,60,60,40,40,40,144,,,
146,1,8,0,0,714,897,514,477,60,31,40,69,67,78,lumpsum,115,BothBroken
146,1,9,0,0,897,937,477,620,60,60,40,40,40,144,,,
146,1,10,2,33,937,975,620,731,60,58,40,42,40,144,,,
146,1,11,0,0,975,1144,731,713,58,37,42,63,66,85,lumpsum,103,BothBroken
146,1,12,0,0,1144,1191,713,848,58,58,42,42,47,135,,,
146,1,13,11,30,1191,1228,848,953,58,59,42,41,47,135,,,
146,1,14,0,0,1228,1409,953,920,59,42,41,58,66,81,lumpsum,114,BothBroken
146,1,15,0,0,1409,1461,920,1045,59,59,41,41,53,125,,,
146,1,16,7,33,1461,1506,1045,1137,59,59,41,41,53,125,,,
146,2,1,5,37,100,165,100,126,65,63,35,37,70,63,,,
146,2,2,0,0,165,366,126,63,63,32,37,68,69,70,lumpsum,132,MatchEnding
146,3,1,3,38,100,167,100,126,65,62,35,38,70,63,,,
146,3,2,0,0,167,363,126,69,62,33,38,67,69,71,lumpsum,128,MatchEnding
146,4,1,3,39,100,167,100,124,65,62,35,38,70,63,,,
146,4,2,0,0,167,364,124,68,62,41,38,59,68,72,lumpsum,128,SettlerBroken
146,4,3,0,0,364,415,68,195,62,62,38,38,52,127,,,
146,4,4,6,36,415,461,195,287,62,61,38,39,52,127,,,
146,4,5,0,0,461,651,287,240,61,34,39,66,68,76,lumpsum,123,SettlerBroken
146,4,6,0,0,651,695,240,379,61,61,39,39,44,140,,,
146,4,7,8,35,695,731,379,484,61,60,39,40,44,140,,,
146,4,8,0,0,731,922,484,438,60,36,40,64,67,77,lumpsum,124,BothBroken
146,4,9,0,0,922,968,438,574,60,60,40,40,46,136,,,
146,4,10,4,32,968,1009,574,678,60,59,40,41,46,136,,,
146,4,11,0,0,1009,1185,678,650,59,32,41,68,67,81,lumpsum,110,SettlerBroken
146,4,12,0,0,1185,1227,650,792,59,59,41,41,41,142,,,
146,4,13,7,33,1227,1262,792,901,59,58,41,42,41,142,,,
147,1,1,4,41,100,166,100,122,65,62,35,38,70,63,,,
147,1,2,4,36,166,230,122,157,62,60,38,40,69,71,,,
147,1,3,6,33,230,292,157,201,60,59,40,41,67,77,,,
147,1,4,10,34,292,348,201,246,59,60,41,40,67,79,,,
147,1,5,6,34,348,410,246,290,60,59,40,41,67,78,,,
147,1,6,6,34,410,470,290,337,59,58,41,42,67,81,,,
147,1,7,6,37,470,531,337,384,58,57,42,43,66,83,,,
147,1,8,7,31,531,590,384,438,57,57,43,43,66,85,,,
147,1,9,6,28,590,649,438,495,57,57,43,43,66,86,,,
147,2,1,4,38,100,166,100,125,65,62,35,38,70,63,,,
147,2,2,5,33,166,229,125,162,62,61,38,39,69,71,,,
147,2,3,4,36,229,293,162,201,61,59,39,41,68,75,,,
147,2,4,7,32,293,353,201,250,59,59,41,41,67,80,,,
147,2,5,7,34,353,413,250,297,59,58,41,42,67,81,,,
147,2,6,8,34,413,471,297,346,58,58,42,42,66,83,,,
147,3,1,1,40,100,170,100,123,65,61,35,39,70,63,,,
147,3,2,8,32,170,229,123,167,61,60,39,40,68,76,,,
147,3,3,4,31,229,293,167,213,60,59,40,41,67,77,,,
147,3,4,6,33,293,353,213,262,59,58,41,42,67,81,,,
147,3,5,6,30,353,413,262,314,58,58,42,42,66,83,,,
147,3,6,7,29,413,472,314,368,58,58,42,42,66,84,,,
147,3,7,6,29,472,532,368,423,58,58,42,42,66,84,,,
147,4,1,2,35,100,168,100,128,65,62,35,38,70,63,,,
147,4,2,7,37,168,229,128,163,62,61,38,39,68,72,,,
147,4,3,4,32,229,293,163,206,61,59,39,41,68,75,,,
147,4,4,5,29,293,355,206,257,59,58,41,42,67,80,,,
147,4,5,3,32,355,419,257,308,58,57,42,43,66,82,,,
147,4,6,9,30,419,475,308,365,57,57,43,43,65,87,,,
147,4,7,6,34,475,534,365,416,57,57,43,43,66,85,,,
147,4,8,7,31,534,593,416,470,57,57,43,43,65,86,,,
147,4,9,7,28,593,651,470,529,57,58,43,42,65,86,,,
147,4,10,7,33,651,710,529,580,58,57,42,43,66,85,,,
147,4,11,7,27,710,768,580,638,57,58,43,42,66,85,,,
148,1,1,3,36,100,168,100,127,65,62,35,38,70,63,,,
148,2,1,4,36,100,166,100,127,65,62,35,38,70,63,,,
148,2,2,0,0,166,362,127,70,62,49,38,51,69,71,lumpsum,127,ContinueTreaty
148,2,3,0,0,362,422,70,179,49,49,51,51,59,108,lumpsum,127,MatchEnding
148,3,1,2,36,100,169,100,127,65,61,35,39,70,63,,,
148,4,1,2,36,100,168,100,127,65,62,35,38,70,63,,,
148,4,2,0,0,168,358,127,78,62,33,38,67,68,72,lumpsum,122,ContinueTreaty
148,4,3,0,0,358,401,78,219,33,33,67,67,43,141,lumpsum,122,ContinueTreaty
148,4,4,0,0,401,443,219,360,33,33,67,67,43,141,lumpsum,122,ContinueTreaty
148,4,5,0,0,443,486,360,501,33,33,67,67,43,141,lumpsum,122,ContinueTreaty
148,4,6,0,0,486,529,501,642,33,33,67,67,43,141,lumpsum,122,MatchEnding
149,1,1,4,38,100,166,100,125,65,62,35,38,70,63,,,
149,1,2,0,0,166,278,125,152,62,34,38,66,69,71,annuity,43,SettlerBroken
149,1,3,0,0,278,322,152,292,62,62,38,38,44,140,,,
149,1,4,6,37,322,360,292,395,62,61,38,39,44,140,,,
149,1,5,0,0,360,469,395,428,61,40,39,60,68,75,annuity,42,BothBroken
149,1,6,0,0,469,520,428,557,61,61,39,39,51,129,,,
149,1,7,8,32,520,562,557,654,61,61,39,39,51,129,,,
149,1,8,0,0,562,670,654,690,61,48,39,52,68,76,annuity,40,BothBroken
149,1,9,0,0,670,729,690,801,61,61,39,39,58,111,,,
149,2,1,4,42,100,166,100,121,65,62,35,38,70,63,,,
149,2,2,0,0,166,280,121,147,62,30,38,70,69,72,annuity,45,SettlerBroken
149,2,3,0,0,280,319,147,293,62,62,38,38,39,145,,,
149,2,4,4,32,319,353,293,406,62,60,38,40,39,145,,,
149,2,5,0,0,353,459,406,444,60,43,40,57,68,76,annuity,38,SettlerBroken
149,2,6,0,0,459,512,444,567,60,60,40,40,54,123,,,
149,3,1,1,35,100,169,100,128,65,61,35,39,70,63,,,
149,3,2,0,0,169,276,128,163,61,30,39,70,68,74,annuity,39,SettlerBroken
149,3,3,0,0,276,315,163,308,61,61,39,39,39,145,,,
149,3,4,5,33,315,349,308,420,61,60,39,40,39,145,,,
149,3,5,0,0,349,455,420,459,60,45,40,55,67,78,annuity,38,SettlerBroken
149,3,6,0,0,455,510,459,577,60,60,40,40,56,118,,,
149,3,7,7,31,510,559,577,664,60,59,40,41,56,118,,,
149,3,8,0,0,559,664,664,705,59,32,41,68,67,79,annuity,38,SettlerBroken
149,3,9,0,0,664,706,705,848,59,59,41,41,41,142,,,
149,3,10,7,31,706,740,848,959,59,59,41,41,41,142,,,
149,3,11,0,0,740,844,959,1001,59,36,41,64,67,80,annuity,38,SettlerBroken
149,3,12,0,0,844,891,1001,1138,59,59,41,41,46,136,,,
149,3,13,9,30,891,927,1138,1243,59,60,41,40,46,136,,,
149,3,14,0,0,927,1033,1243,1283,60,35,40,65,67,79,annuity,39,BothBroken
149,3,15,0,0,1033,1078,1283,1421,60,60,40,40,45,138,,,
149,4,1,5,37,100,165,100,126,65,63,35,37,70,63,,,
149,4,2,0,0,165,278,126,152,63,30,37,70,69,70,annuity,44,MatchEnding
150,1,1,3,39,100,167,100,124,65,62,35,38,70,63,,,
150,1,2,0,0,167,278,124,153,62,38,38,62,69,72,annuity,43,ContinueTreaty
150,1,3,0,0,278,370,153,242,38,38,62,62,48,133,annuity,43,ContinueTreaty
150,1,4,0,0,370,461,242,332,38,38,62,62,48,133,annuity,43,NativeBroken
150,1,5,0,0,461,510,332,465,38,38,62,62,48,133,,,
150,1,6,34,14,510,525,465,584,38,53,62,47,48,133,,,
150,1,7,0,0,525,623,584,646,53,31,47,69,63,97,annuity,36,ContinueTreaty
150,1,8,0,0,623,698,646,754,31,31,69,69,40,144,annuity,36,ContinueTreaty
150,1,9,0,0,698,774,754,862,31,31,69,69,40,144,annuity,36,ContinueTreaty
150,1,10,0,0,774,850,862,970,31,31,69,69,40,144,annuity,36,NativeBroken
150,1,11,0,0,850,890,970,1114,31,31,69,69,40,144,,,
150,1,12,39,13,890,891,1114,1245,31,53,69,47,40,144,,,
150,1,13,0,0,891,992,1245,1304,53,45,47,55,63,97,annuity,38,SettlerBroken
150,1,14,0,0,992,1048,1304,1422,53,53,47,47,56,118,,,
150,2,1,4,40,100,166,100,123,65,62,35,38,70,63,,,
150,2,2,0,0,166,279,123,149,62,50,38,50,69,71,annuity,44,BothBroken
150,2,3,0,0,279,339,149,255,62,62,38,38,60,106,,,
150,2,4,3,39,339,396,255,322,62,60,38,40,60,106,,,
150,2,5,0,0,396,503,322,361,60,45,40,55,67,79,annuity,40,NativeBroken
150,2,6,0,0,503,559,361,480,60,60,40,40,56,118,,,
150,2,7,3,27,559,611,480,571,60,58,40,42,56,118,,,
150,3,1,3,38,100,167,100,125,65,62,35,38,70,63,,,
150,3,2,0,0,167,278,125,155,62,39,38,61,68,72,annuity,42,BothBroken
150,3,3,0,0,278,327,155,285,62,62,38,38,49,131,,,
150,3,4,3,37,327,374,285,379,62,60,38,40,49,131,,,
150,3,5,0,0,374,480,379,419,60,32,40,68,67,78,annuity,39,BothBroken
150,3,6,0,0,480,521,419,561,60,60,40,40,41,142,,,
150,3,7,11,35,521,551,561,669,60,60,40,40,41,142,,,
150,4,1,0,43,100,170,100,120,65,60,35,40,70,63,,,
150,4,2,0,0,170,279,120,156,60,40,40,60,67,77,annuity,41,MatchEnding
